-- MySQL dump 10.13  Distrib 8.0.23, for Linux (x86_64)
--
-- Host: localhost    Database: newcentrex
-- ------------------------------------------------------
-- Server version	8.0.23-0ubuntu0.20.04.1

/*!40101 SET @OLD_CHARACTER_SET_CLIENT=@@CHARACTER_SET_CLIENT */;
/*!40101 SET @OLD_CHARACTER_SET_RESULTS=@@CHARACTER_SET_RESULTS */;
/*!40101 SET @OLD_COLLATION_CONNECTION=@@COLLATION_CONNECTION */;
/*!50503 SET NAMES utf8mb4 */;
/*!40103 SET @OLD_TIME_ZONE=@@TIME_ZONE */;
/*!40103 SET TIME_ZONE='+00:00' */;
/*!40014 SET @OLD_UNIQUE_CHECKS=@@UNIQUE_CHECKS, UNIQUE_CHECKS=0 */;
/*!40014 SET @OLD_FOREIGN_KEY_CHECKS=@@FOREIGN_KEY_CHECKS, FOREIGN_KEY_CHECKS=0 */;
/*!40101 SET @OLD_SQL_MODE=@@SQL_MODE, SQL_MODE='NO_AUTO_VALUE_ON_ZERO' */;
/*!40111 SET @OLD_SQL_NOTES=@@SQL_NOTES, SQL_NOTES=0 */;

--
-- Table structure for table `alembic_version_config`
--

DROP TABLE IF EXISTS `alembic_version_config`;
/*!40101 SET @saved_cs_client     = @@character_set_client */;
/*!50503 SET character_set_client = utf8mb4 */;
CREATE TABLE `alembic_version_config` (
  `version_num` varchar(32) NOT NULL,
  PRIMARY KEY (`version_num`)
) ENGINE=InnoDB DEFAULT CHARSET=utf8mb4 COLLATE=utf8mb4_0900_ai_ci;
/*!40101 SET character_set_client = @saved_cs_client */;

--
-- Dumping data for table `alembic_version_config`
--

LOCK TABLES `alembic_version_config` WRITE;
/*!40000 ALTER TABLE `alembic_version_config` DISABLE KEYS */;
INSERT INTO `alembic_version_config` VALUES ('61797b9fced6');
/*!40000 ALTER TABLE `alembic_version_config` ENABLE KEYS */;
UNLOCK TABLES;

--
-- Table structure for table `astcalldetails`
--

DROP TABLE IF EXISTS `astcalldetails`;
/*!40101 SET @saved_cs_client     = @@character_set_client */;
/*!50503 SET character_set_client = utf8mb4 */;
CREATE TABLE `astcalldetails` (
  `calldate` datetime NOT NULL DEFAULT '0001-01-01 00:00:00',
  `clid` varchar(80) NOT NULL DEFAULT '',
  `src` varchar(80) NOT NULL DEFAULT '',
  `dst` varchar(80) NOT NULL DEFAULT '',
  `dcontext` varchar(80) NOT NULL DEFAULT '',
  `channel` varchar(80) NOT NULL DEFAULT '',
  `dstchannel` varchar(80) NOT NULL DEFAULT '',
  `lastapp` varchar(80) NOT NULL DEFAULT '',
  `lastdata` varchar(80) NOT NULL DEFAULT '',
  `duration` int NOT NULL DEFAULT '0',
  `billsec` int NOT NULL DEFAULT '0',
  `disposition` varchar(45) NOT NULL DEFAULT '',
  `amaflags` int NOT NULL DEFAULT '0',
  `accountcode` varchar(20) NOT NULL DEFAULT '',
  `uniqueid` varchar(32) NOT NULL DEFAULT '',
  `userfield` varchar(255) NOT NULL DEFAULT '',
  `did` varchar(50) NOT NULL DEFAULT '',
  `recordingfile` varchar(255) NOT NULL DEFAULT '',
  KEY `calldate` (`calldate`),
  KEY `dst` (`dst`),
  KEY `accountcode` (`accountcode`),
  KEY `uniqueid` (`uniqueid`)
) ENGINE=InnoDB DEFAULT CHARSET=utf8mb4 COLLATE=utf8mb4_0900_ai_ci;
/*!40101 SET character_set_client = @saved_cs_client */;

--
-- Dumping data for table `astcalldetails`
--

LOCK TABLES `astcalldetails` WRITE;
/*!40000 ALTER TABLE `astcalldetails` DISABLE KEYS */;
INSERT INTO `astcalldetails` VALUES ('2021-01-29 14:57:59','\"Martin Lujan\" <103>','103','104','testing','PJSIP/103-0000000f','PJSIP/104-00000010','Dial','PJSIP/104,30',60,37,'ANSWERED',3,'','1611943079.16','','',''),('2021-01-29 14:57:21','\"\" <>','','103','testing','Message/ast_msg_queue','PJSIP/103-00000000','Dial','PJSIP/103,30',0,0,'FAILED',3,'','1611943041.0','','',''),('2021-01-29 14:57:22','\"\" <>','','103','testing','Message/ast_msg_queue','PJSIP/103-00000001','Dial','PJSIP/103,30',0,0,'FAILED',3,'','1611943041.0','','',''),('2021-01-29 14:57:22','\"\" <>','','103','testing','Message/ast_msg_queue','PJSIP/103-00000002','Dial','PJSIP/103,30',0,0,'FAILED',3,'','1611943041.0','','',''),('2021-01-29 14:57:22','\"\" <>','','103','testing','Message/ast_msg_queue','PJSIP/103-00000003','Dial','PJSIP/103,30',0,0,'FAILED',3,'','1611943041.0','','',''),('2021-01-29 14:57:22','\"\" <>','','103','testing','Message/ast_msg_queue','PJSIP/103-00000004','Dial','PJSIP/103,30',0,0,'FAILED',3,'','1611943041.0','','',''),('2021-01-29 14:57:22','\"\" <>','','103','testing','Message/ast_msg_queue','PJSIP/103-00000005','Dial','PJSIP/103,30',0,0,'FAILED',3,'','1611943041.0','','',''),('2021-01-29 14:57:34','\"\" <>','','103','testing','Message/ast_msg_queue','PJSIP/104-00000006','Dial','PJSIP/104,30',0,0,'FAILED',3,'','1611943041.0','','',''),('2021-01-29 14:57:36','\"\" <>','','103','testing','Message/ast_msg_queue','PJSIP/104-00000007','Dial','PJSIP/104,30',0,0,'FAILED',3,'','1611943041.0','','',''),('2021-01-29 14:57:37','\"\" <>','','103','testing','Message/ast_msg_queue','PJSIP/104-00000008','Dial','PJSIP/104,30',0,0,'FAILED',3,'','1611943041.0','','',''),('2021-01-29 14:57:37','\"\" <>','','103','testing','Message/ast_msg_queue','PJSIP/104-00000009','Dial','PJSIP/104,30',0,0,'FAILED',3,'','1611943041.0','','',''),('2021-01-29 14:57:38','\"\" <>','','103','testing','Message/ast_msg_queue','PJSIP/104-0000000a','Dial','PJSIP/104,30',0,0,'FAILED',3,'','1611943041.0','','',''),('2021-01-29 14:57:38','\"\" <>','','103','testing','Message/ast_msg_queue','PJSIP/104-0000000b','Dial','PJSIP/104,30',0,0,'FAILED',3,'','1611943041.0','','',''),('2021-01-29 14:57:40','\"\" <>','','103','testing','Message/ast_msg_queue','PJSIP/104-0000000c','Dial','PJSIP/104,30',0,0,'FAILED',3,'','1611943041.0','','',''),('2021-01-29 14:57:40','\"\" <>','','103','testing','Message/ast_msg_queue','PJSIP/104-0000000d','Dial','PJSIP/104,30',0,0,'FAILED',3,'','1611943041.0','','',''),('2021-01-29 14:57:40','\"\" <>','','103','testing','Message/ast_msg_queue','PJSIP/104-0000000e','Dial','PJSIP/104,30',0,0,'FAILED',3,'','1611943041.0','','',''),('2021-02-01 11:18:19','\"Martin Lujan\" <103>','103','104','testing','PJSIP/103-00000008','PJSIP/104-00000009','Dial','PJSIP/104,30',11,7,'ANSWERED',3,'','1612189099.9','','',''),('2021-02-01 11:29:35','\"\" <102>','102','101','test','PJSIP/102-0000000d','PJSIP/102-0000000e','Dial','PJSIP/102/101',32,0,'NO ANSWER',3,'','1612189775.14','','',''),('2021-02-01 11:30:21','\"\" <102>','102','101','test','PJSIP/102-0000000f','PJSIP/102-00000010','Dial','PJSIP/102/101',22,0,'NO ANSWER',3,'','1612189821.16','','',''),('2021-02-01 11:30:44','\"101\" <101>','101','102','test','PJSIP/101-00000011','PJSIP/101-00000012','Dial','PJSIP/101/102',39,37,'ANSWERED',3,'','1612189844.18','','',''),('2021-02-01 11:31:41','\"\" <102>','102','101','test','PJSIP/102-00000013','PJSIP/102-00000014','Dial','PJSIP/102/101',7,0,'NO ANSWER',3,'','1612189901.20','','',''),('2021-02-01 11:16:32','\"\" <>','','104','testing','Message/ast_msg_queue','PJSIP/104-00000000','Dial','PJSIP/104,30',0,0,'FAILED',3,'','1612188992.0','','',''),('2021-02-01 11:17:05','\"\" <>','','104','testing','Message/ast_msg_queue','PJSIP/104-00000001','Dial','PJSIP/104,30',0,0,'FAILED',3,'','1612188992.0','','',''),('2021-02-01 11:17:15','\"\" <>','','104','testing','Message/ast_msg_queue','PJSIP/103-00000002','Dial','PJSIP/103,30',0,0,'FAILED',3,'','1612188992.0','','',''),('2021-02-01 11:17:17','\"\" <>','','104','testing','Message/ast_msg_queue','PJSIP/104-00000003','Dial','PJSIP/104,30',0,0,'FAILED',3,'','1612188992.0','','',''),('2021-02-01 11:17:19','\"\" <>','','104','testing','Message/ast_msg_queue','PJSIP/104-00000004','Dial','PJSIP/104,30',0,0,'FAILED',3,'','1612188992.0','','',''),('2021-02-01 11:33:19','\"101\" <101>','101','102','test','PJSIP/101-00000000','PJSIP/101-00000001','Dial','PJSIP/101/102',5,1,'ANSWERED',3,'','1612189999.0','','',''),('2021-02-01 12:22:34','\"\" <>','','104','testing','Message/ast_msg_queue','','Gosub','dial-extension,s,1,(104)',323,323,'ANSWERED',3,'','1612192954.0','','',''),('2021-02-01 12:28:02','\"\" <>','','103','testing','Message/ast_msg_queue','','Hangup','',384,384,'ANSWERED',3,'','1612193282.0','','',''),('2021-02-01 12:36:07','\"101\" <101>','101','103','test','PJSIP/101-00000000','PJSIP/101-00000001','Dial','PJSIP/101/103',32,0,'NO ANSWER',3,'','1612193767.0','','',''),('2021-02-01 13:31:33','\"Martin Lujan\" <103>','103','104','from-extensions','PJSIP/103-0000000e','PJSIP/104-0000000f','Dial','PJSIP/104,30',11,0,'NO ANSWER',3,'','1612197093.15','','',''),('2021-02-01 13:32:14','\"101\" <101>','101','103','test','PJSIP/101-00000011','PJSIP/101-00000012','Dial','PJSIP/101/103',8,0,'NO ANSWER',3,'','1612197134.18','','',''),('2021-02-01 12:50:17','\"\" <>','','104','from-extensions','Message/ast_msg_queue','PJSIP/104-00000000','Dial','PJSIP/104,30',0,0,'FAILED',3,'','1612194617.0','','',''),('2021-02-01 12:50:34','\"\" <>','','104','from-extensions','Message/ast_msg_queue','PJSIP/104-00000001','Dial','PJSIP/104,30',0,0,'FAILED',3,'','1612194617.0','','',''),('2021-02-01 12:50:34','\"\" <>','','104','from-extensions','Message/ast_msg_queue','PJSIP/103-00000002','Dial','PJSIP/103,30',0,0,'FAILED',3,'','1612194617.0','','',''),('2021-02-01 12:50:44','\"\" <>','','104','from-extensions','Message/ast_msg_queue','PJSIP/104-00000003','Dial','PJSIP/104,30',0,0,'FAILED',3,'','1612194617.0','','',''),('2021-02-01 12:50:46','\"\" <>','','104','from-extensions','Message/ast_msg_queue','PJSIP/104-00000004','Dial','PJSIP/104,30',0,0,'FAILED',3,'','1612194617.0','','',''),('2021-02-01 12:50:47','\"\" <>','','104','from-extensions','Message/ast_msg_queue','PJSIP/103-00000005','Dial','PJSIP/103,30',0,0,'FAILED',3,'','1612194617.0','','',''),('2021-02-01 12:50:47','\"\" <>','','104','from-extensions','Message/ast_msg_queue','PJSIP/104-00000006','Dial','PJSIP/104,30',0,0,'FAILED',3,'','1612194617.0','','',''),('2021-02-01 12:50:47','\"\" <>','','104','from-extensions','Message/ast_msg_queue','PJSIP/104-00000007','Dial','PJSIP/104,30',0,0,'FAILED',3,'','1612194617.0','','',''),('2021-02-01 12:50:47','\"\" <>','','104','from-extensions','Message/ast_msg_queue','PJSIP/104-00000008','Dial','PJSIP/104,30',0,0,'FAILED',3,'','1612194617.0','','',''),('2021-02-01 12:50:48','\"\" <>','','104','from-extensions','Message/ast_msg_queue','PJSIP/103-00000009','Dial','PJSIP/103,30',0,0,'FAILED',3,'','1612194617.0','','',''),('2021-02-01 12:50:48','\"\" <>','','104','from-extensions','Message/ast_msg_queue','PJSIP/103-0000000a','Dial','PJSIP/103,30',0,0,'FAILED',3,'','1612194617.0','','',''),('2021-02-01 12:50:49','\"\" <>','','104','from-extensions','Message/ast_msg_queue','PJSIP/103-0000000b','Dial','PJSIP/103,30',0,0,'FAILED',3,'','1612194617.0','','',''),('2021-02-01 12:50:49','\"\" <>','','104','from-extensions','Message/ast_msg_queue','PJSIP/103-0000000c','Dial','PJSIP/103,30',0,0,'FAILED',3,'','1612194617.0','','',''),('2021-02-01 13:15:39','\"\" <>','','104','from-extensions','Message/ast_msg_queue','','NoOp','Sending Text To: 103',1465,1465,'ANSWERED',3,'','1612194617.0','','',''),('2021-02-01 13:40:29','\"\" <>','','104','textmessages','Message/ast_msg_queue','','NoOp','Sending Text To: 104',5858,5858,'ANSWERED',3,'','1612197629.0','','',''),('2021-02-01 15:29:51','\"101\" <101>','101','102','test','PJSIP/101-00000001','PJSIP/101-00000002','Dial','PJSIP/101/102',3,0,'NO ANSWER',3,'','1612204191.2','','',''),('2021-02-01 15:30:07','\"101\" <101>','101','103','test','PJSIP/101-00000003','PJSIP/101-00000004','Dial','PJSIP/101/103',32,0,'NO ANSWER',3,'','1612204207.4','','',''),('2021-02-01 15:18:38','\"\" <>','','104','textmessages','Message/ast_msg_queue','','NoOp','Sending Text To: 104',801,801,'ANSWERED',3,'','1612203518.0','','',''),('2021-02-01 15:32:38','\"\" <>','','104','textmessages','Message/ast_msg_queue','','NoOp','Sending Text To: 104',528,528,'ANSWERED',3,'','1612204358.0','','',''),('2021-02-01 15:50:15','\"\" <>','','103','textmessages','Message/ast_msg_queue','','NoOp','Sending Text To: 103',154,154,'ANSWERED',3,'','1612205415.0','','',''),('2021-02-01 15:53:24','\"\" <>','','103','textmessages','Message/ast_msg_queue','','Hangup','',134,134,'ANSWERED',3,'','1612205604.0','','',''),('2021-02-01 15:55:55','\"\" <>','','103','textmessages','Message/ast_msg_queue','','Hangup','',251,251,'ANSWERED',3,'','1612205755.0','','',''),('2021-02-01 16:00:19','\"\" <>','','103','textmessages','Message/ast_msg_queue','','Hangup','',203,203,'ANSWERED',3,'','1612206019.0','','',''),('2021-02-01 16:03:50','\"\" <>','','104','textmessages','Message/ast_msg_queue','','Hangup','',101,101,'ANSWERED',3,'','1612206230.0','','',''),('2021-02-01 16:05:43','\"\" <>','','104','textmessages','Message/ast_msg_queue','','Hangup','',308,308,'ANSWERED',3,'','1612206343.0','','',''),('2021-02-01 16:11:13','\"\" <>','','104','textmessages','Message/ast_msg_queue','','Hangup','',276,276,'ANSWERED',3,'','1612206673.0','','',''),('2021-02-01 16:13:38','\"101\" <101>','101','102','test','PJSIP/101-00000004','PJSIP/101-00000005','Dial','PJSIP/101/102',131,129,'ANSWERED',3,'','1612206818.5','','',''),('2021-02-01 16:16:08','\"\" <>','','104','textmessages','Message/ast_msg_queue','','Hangup','',119,119,'ANSWERED',3,'','1612206968.0','','',''),('2021-02-01 16:18:16','\"\" <>','','104','textmessages','Message/ast_msg_queue','','Hangup','',144,144,'ANSWERED',3,'','1612207096.0','','',''),('2021-02-01 16:20:44','\"\" <>','','103','textmessages','Message/ast_msg_queue','','Hangup','',689,689,'ANSWERED',3,'','1612207244.0','','',''),('2021-02-01 16:32:38','\"\" <103>','103','104','from-extensions','PJSIP/103-00000000','PJSIP/104-00000001','Dial','PJSIP/104,30',11,2,'ANSWERED',3,'','1612207958.0','','',''),('2021-02-03 12:28:33','\"\" <102>','102','101','1','PJSIP/102-00000000','PJSIP/102-00000001','Dial','PJSIP/102/101',25,0,'NO ANSWER',3,'','1612366113.0','','',''),('2021-02-03 12:29:08','\"\" <101>','101','102','1','PJSIP/101-00000002','PJSIP/101-00000003','Dial','PJSIP/101/102',32,0,'NO ANSWER',3,'','1612366148.2','','',''),('2021-02-03 13:33:03','\"\" <>','','104','textmessages','Message/ast_msg_queue','','Hangup','',9795,9795,'ANSWERED',3,'','1612369983.0','','',''),('2021-02-03 16:42:43','\"\" <>','','104','textmessages','Message/ast_msg_queue','','Hangup','',293,293,'ANSWERED',3,'','1612381363.0','','',''),('2021-02-03 16:48:00','\"\" <103>','103','104','from-extensions','PJSIP/103-00000000','PJSIP/104-00000001','Dial','PJSIP/104,30',30,0,'NO ANSWER',3,'','1612381680.1','','',''),('2021-02-03 16:48:50','\"\" <103>','103','104','from-extensions','PJSIP/103-00000002','PJSIP/104-00000003','Dial','PJSIP/104,30',72,63,'ANSWERED',3,'','1612381730.3','','',''),('2021-02-04 11:05:50','\"\" <101>','101','103','1','PJSIP/101-00000006','PJSIP/101-00000007','Dial','PJSIP/101/103',32,0,'NO ANSWER',3,'','1612447550.7','','',''),('2021-02-03 16:47:53','\"\" <>','','104','textmessages','Message/ast_msg_queue','','Hangup','',66207,66207,'ANSWERED',3,'','1612381673.0','','',''),('2021-02-04 11:15:10','\"\" <103>','103','101','from-extensions','PJSIP/103-00000000','PJSIP/101-00000001','Dial','PJSIP/101,30',30,0,'NO ANSWER',3,'','1612448110.0','','',''),('2021-02-05 11:53:30','\"\" <101>','101','102','1','PJSIP/101-00000000','PJSIP/101-00000001','Dial','PJSIP/101/102',32,0,'NO ANSWER',3,'','1612536810.0','','',''),('2021-02-05 11:55:41','\"\" <101>','101','102','1','PJSIP/101-00000002','PJSIP/101-00000003','Dial','PJSIP/101/102',32,0,'NO ANSWER',3,'','1612536941.2','','',''),('2021-02-05 11:59:59','\"\" <103>','103','101','from-extensions','PJSIP/103-00000004','PJSIP/101-00000005','Dial','PJSIP/101,30',30,0,'NO ANSWER',3,'','1612537199.4','','',''),('2021-02-05 12:00:43','\"\" <101>','101','103','1','PJSIP/101-00000006','PJSIP/101-00000007','Dial','PJSIP/101/103',11,0,'NO ANSWER',3,'','1612537243.6','','',''),('2021-02-05 12:02:43','\"\" <103>','103','101','from-extensions','PJSIP/103-00000000','PJSIP/101-00000001','Dial','PJSIP/101,30',30,0,'NO ANSWER',3,'','1612537363.0','','',''),('2021-02-05 12:07:29','\"\" <103>','103','101','from-extensions','PJSIP/103-00000002','PJSIP/101-00000003','Dial','PJSIP/101,30',5,0,'NO ANSWER',3,'','1612537649.2','','',''),('2021-02-05 12:09:28','\"\" <103>','103','101','from-extensions','PJSIP/103-00000000','PJSIP/101-00000001','Dial','PJSIP/101,30',15,0,'NO ANSWER',3,'','1612537768.0','','',''),('2021-02-05 12:10:00','\"\" <101>','101','103','from-extensions','PJSIP/101-00000003','PJSIP/103-00000004','Dial','PJSIP/103,30',6,0,'ANSWERED',3,'','1612537800.3','','',''),('2021-02-05 12:10:39','\"\" <101>','101','103','from-extensions','PJSIP/101-00000005','PJSIP/103-00000006','Dial','PJSIP/103,30',9,0,'BUSY',3,'','1612537839.5','','',''),('2021-02-05 12:15:23','\"\" <103>','103','101','1','PJSIP/103-00000000','PJSIP/103-00000001','Dial','PJSIP/103/101',11,0,'NO ANSWER',3,'','1612538123.0','','',''),('2021-02-05 12:15:45','\"\" <101>','101','103','1','PJSIP/101-00000002','PJSIP/101-00000003','Dial','PJSIP/101/103',13,0,'NO ANSWER',3,'','1612538145.2','','',''),('2021-02-05 12:16:02','\"\" <101>','101','102','1','PJSIP/101-00000004','PJSIP/101-00000005','Dial','PJSIP/101/102',8,0,'NO ANSWER',3,'','1612538162.4','','',''),('2021-02-05 12:16:17','\"\" <101>','101','102','1','PJSIP/101-00000006','PJSIP/101-00000007','Dial','PJSIP/101/102',7,0,'NO ANSWER',3,'','1612538177.6','','',''),('2021-02-05 12:39:14','\"\" <101>','101','102','1','PJSIP/101-00000000','PJSIP/101-00000001','Dial','PJSIP/101/102',7,0,'NO ANSWER',3,'','1612539554.0','','',''),('2021-02-05 12:39:30','\"\" <102>','102','101','1','PJSIP/102-00000002','PJSIP/102-00000003','Dial','PJSIP/102/101',4,0,'NO ANSWER',3,'','1612539570.2','','',''),('2021-02-05 12:46:00','\"\" <101>','101','102','1','PJSIP/101-00000004','PJSIP/101-00000005','Dial','PJSIP/101/102',32,0,'NO ANSWER',3,'','1612539960.4','','',''),('2021-02-05 12:46:41','\"\" <102>','102','101','1','PJSIP/102-00000006','PJSIP/102-00000007','Dial','PJSIP/102/101',12,0,'NO ANSWER',3,'','1612540001.6','','',''),('2021-02-05 12:47:33','\"\" <102>','102','101','1','PJSIP/102-00000008','PJSIP/102-00000009','Dial','PJSIP/102/101',6,0,'NO ANSWER',3,'','1612540053.8','','',''),('2021-02-05 14:14:59','\"\" <103>','103','101','1','PJSIP/103-0000000c','PJSIP/103-0000000d','Dial','PJSIP/103/101',2,0,'NO ANSWER',3,'','1612545299.12','','',''),('2021-02-05 14:13:51','\"\" <101>','101','102','1','PJSIP/101-0000000a','PJSIP/101-0000000b','Dial','PJSIP/101/102',132,128,'ANSWERED',3,'','1612545231.10','','',''),('2021-02-05 14:16:38','\"\" <102>','102','101','from-extensions','PJSIP/102-0000000f','PJSIP/101-00000010','Dial','PJSIP/101,30',37,32,'ANSWERED',3,'','1612545398.15','','',''),('2021-02-05 14:17:01','\"\" <103>','103','101','from-extensions','PJSIP/103-00000011','PJSIP/101-00000012','Dial','PJSIP/101,30',19,0,'ANSWERED',3,'','1612545421.17','','',''),('2021-02-05 14:18:42','\"\" <101>','101','103','from-extensions','PJSIP/101-00000014','PJSIP/103-00000015','Dial','PJSIP/103,30',3,0,'ANSWERED',3,'','1612545522.20','','',''),('2021-02-05 14:19:49','\"\" <102>','102','103','from-extensions','PJSIP/102-00000016','PJSIP/103-00000017','Dial','PJSIP/103,30',5,0,'ANSWERED',3,'','1612545589.22','','',''),('2021-02-05 14:21:33','\"\" <103>','103','101','from-extensions','PJSIP/103-00000018','PJSIP/101-00000019','Dial','PJSIP/101,30',30,0,'NO ANSWER',3,'','1612545693.24','','',''),('2021-02-05 14:22:50','\"\" <103>','103','101','from-extensions','PJSIP/103-0000001a','PJSIP/101-0000001b','Dial','PJSIP/101,30',3,0,'ANSWERED',3,'','1612545770.26','','',''),('2021-02-05 14:25:21','\"\" <103>','103','101','from-extensions','PJSIP/103-0000001c','PJSIP/101-0000001d','Dial','PJSIP/101,30',3,0,'ANSWERED',3,'','1612545921.28','','',''),('2021-02-05 14:26:14','\"\" <103>','103','101','from-extensions','PJSIP/103-0000001e','PJSIP/101-0000001f','Dial','PJSIP/101,30',35,32,'ANSWERED',3,'','1612545974.30','','',''),('2021-02-05 14:27:50','\"\" <103>','103','101','from-extensions','PJSIP/103-00000020','PJSIP/101-00000021','Dial','PJSIP/101,30',15,12,'ANSWERED',3,'','1612546070.32','','',''),('2021-02-05 14:45:37','\"\" <101>','101','102','1','PJSIP/101-00000000','PJSIP/101-00000001','Dial','PJSIP/101/102',31,0,'NO ANSWER',3,'','1612547137.0','','',''),('2021-02-05 14:46:14','\"\" <101>','101','102','1','PJSIP/101-00000002','PJSIP/101-00000003','Dial','PJSIP/101/102',23,0,'NO ANSWER',3,'','1612547174.2','','',''),('2021-02-05 14:46:45','\"\" <102>','102','101','1','PJSIP/102-00000004','PJSIP/102-00000005','Dial','PJSIP/102/101',3,0,'NO ANSWER',3,'','1612547205.4','','',''),('2021-02-05 14:46:57','\"\" <102>','102','103','1','PJSIP/102-00000006','PJSIP/102-00000007','Dial','PJSIP/102/103',11,0,'NO ANSWER',3,'','1612547217.6','','',''),('2021-02-05 15:08:38','\"\" <102>','102','101','1','PJSIP/102-00000000','PJSIP/102-00000001','Dial','PJSIP/102/101',13,0,'NO ANSWER',3,'','1612548518.0','','',''),('2021-02-05 15:09:42','\"\" <102>','102','101','1','PJSIP/102-00000002','PJSIP/102-00000003','Dial','PJSIP/102/101',17,0,'NO ANSWER',3,'','1612548582.2','','',''),('2021-02-05 15:10:08','\"\" <101>','101','102','1','PJSIP/101-00000004','PJSIP/101-00000005','Dial','PJSIP/101/102',11,0,'NO ANSWER',3,'','1612548608.4','','',''),('2021-02-05 15:10:27','\"\" <101>','101','103','1','PJSIP/101-00000006','PJSIP/101-00000007','Dial','PJSIP/101/103',22,0,'NO ANSWER',3,'','1612548627.6','','',''),('2021-02-05 15:11:43','\"\" <101>','101','103','from-extensions','PJSIP/101-00000009','PJSIP/103-0000000a','Dial','PJSIP/103,30',11,5,'ANSWERED',3,'','1612548703.9','','',''),('2021-02-05 15:12:04','\"\" <103>','103','101','from-extensions','PJSIP/103-0000000b','PJSIP/101-0000000c','Dial','PJSIP/101,30',10,0,'NO ANSWER',3,'','1612548724.11','','',''),('2021-02-05 15:12:30','\"\" <103>','103','101','from-extensions','PJSIP/103-0000000d','PJSIP/101-0000000e','Dial','PJSIP/101,30',12,0,'NO ANSWER',3,'','1612548750.13','','',''),('2021-02-05 15:15:42','\"\" <101>','101','103','from-extensions','PJSIP/101-00000010','PJSIP/103-00000011','Dial','PJSIP/103,30',5,0,'NO ANSWER',3,'','1612548942.16','','',''),('2021-02-08 10:24:10','\"\" <101>','101','102','1','PJSIP/101-00000012','PJSIP/101-00000013','Dial','PJSIP/101/102',11,0,'NO ANSWER',3,'','1612790650.18','','',''),('2021-02-08 10:33:32','\"\" <>','','104','textmessages','Message/ast_msg_queue','','Hangup','',1028,1028,'ANSWERED',3,'','1612791212.20','','',''),('2021-02-08 10:53:07','\"\" <>','','104','2','Message/ast_msg_queue','','AGI','Messages.php',3954,3954,'ANSWERED',3,'','1612792387.0','','',''),('2021-02-08 12:14:49','\"\" <101>','101','102','1','PJSIP/101-00000000','PJSIP/101-00000001','Dial','PJSIP/101/102',2,0,'NO ANSWER',3,'','1612797289.1','','',''),('2021-02-08 11:59:15','\"\" <>','','104','2','Message/ast_msg_queue','','AGI','Messages.php',11610,11610,'ANSWERED',3,'','1612796355.0','','',''),('2021-02-08 15:23:07','\"\" <>','','104','2','Message/ast_msg_queue','','AGI','Messages.php',1966,1966,'ANSWERED',3,'','1612808587.0','','',''),('2021-02-08 15:56:08','\"\" <>','','104','textmessages','Message/ast_msg_queue','','Hangup','',165,165,'ANSWERED',3,'','1612810568.0','','',''),('2021-02-08 16:08:17','\"\" <103>','103','104','from-extensions','PJSIP/103-00000000','PJSIP/104-00000001','Dial','PJSIP/104,30',6,0,'NO ANSWER',3,'','1612811297.1','','',''),('2021-02-08 16:08:29','\"\" <103>','103','104','from-extensions','PJSIP/103-00000002','PJSIP/104-00000003','Dial','PJSIP/104,30',21,0,'NO ANSWER',3,'','1612811309.3','','',''),('2021-02-08 15:59:03','\"\" <>','','104','textmessages','Message/ast_msg_queue','','Hangup','',673,673,'ANSWERED',3,'','1612810743.0','','',''),('2021-02-08 16:10:30','\"\" <>','','104','textmessages','Message/ast_msg_queue','','Hangup','',135,135,'ANSWERED',3,'','1612811430.0','','',''),('2021-02-08 16:12:57','\"\" <>','','104','2','Message/ast_msg_queue','','AGI','Messages.php,pjsip:104',64,64,'ANSWERED',3,'','1612811577.0','','',''),('2021-02-08 16:14:10','\"\" <>','','104','2','Message/ast_msg_queue','','AGI','Messages.php,pjsip:104,\"Martin Lujan\" <sip:103',299,299,'ANSWERED',3,'','1612811650.0','','',''),('2021-02-09 11:02:19','\"\" <103>','103','104','from-extensions','PJSIP/103-00000001','PJSIP/104-00000002','Dial','PJSIP/104,30',2,0,'NO ANSWER',3,'','1612879339.2','','',''),('2021-02-09 11:02:35','\"\" <103>','103','104','from-extensions','PJSIP/103-00000003','PJSIP/104-00000004','Dial','PJSIP/104,30',2,0,'NO ANSWER',3,'','1612879355.4','','',''),('2021-02-09 11:10:53','\"\" <103>','103','104','from-extensions','PJSIP/103-00000005','PJSIP/104-00000006','Dial','PJSIP/104,30',2,0,'NO ANSWER',3,'','1612879853.6','','',''),('2021-02-09 11:23:16','\"\" <103>','103','104','from-extensions','PJSIP/103-00000007','PJSIP/104-00000008','Dial','PJSIP/104,30',3,0,'NO ANSWER',3,'','1612880596.8','','',''),('2021-02-09 12:09:32','\"\" <103>','103','104','1','PJSIP/103-0000000f','PJSIP/103-00000010','Dial','PJSIP/103/104',20,0,'NO ANSWER',3,'','1612883372.16','','',''),('2021-02-09 12:11:33','\"\" <103>','103','104','1','PJSIP/103-00000011','PJSIP/103-00000012','Dial','PJSIP/103/104',37,33,'ANSWERED',3,'','1612883493.18','','',''),('2021-02-09 12:12:59','\"\" <103>','103','101','1','PJSIP/103-00000013','PJSIP/103-00000014','Dial','PJSIP/103/101',9,0,'NO ANSWER',3,'','1612883579.20','','',''),('2021-02-09 12:13:23','\"\" <101>','101','104','1','PJSIP/101-00000017','PJSIP/101-00000018','Dial','PJSIP/101/104',3,0,'NO ANSWER',3,'','1612883603.24','','',''),('2021-02-09 12:13:13','\"\" <103>','103','101','1','PJSIP/103-00000015','PJSIP/103-00000016','Dial','PJSIP/103/101',22,0,'NO ANSWER',3,'','1612883593.22','','',''),('2021-02-09 12:14:13','\"\" <101>','101','103','1','PJSIP/101-0000001a','PJSIP/101-0000001b','Dial','PJSIP/101/103',32,0,'NO ANSWER',3,'','1612883653.27','','',''),('2021-02-09 12:14:50','\"\" <101>','101','103','1','PJSIP/101-0000001c','PJSIP/101-0000001d','Dial','PJSIP/101/103',3,0,'NO ANSWER',3,'','1612883690.29','','',''),('2021-02-09 12:17:00','\"\" <101>','101','103','1','PJSIP/101-0000001e','PJSIP/101-0000001f','Dial','PJSIP/101/103',7,0,'NO ANSWER',3,'','1612883820.31','','',''),('2021-02-09 12:17:15','\"\" <103>','103','101','1','PJSIP/103-00000020','PJSIP/103-00000021','Dial','PJSIP/103/101',6,0,'ANSWERED',3,'','1612883835.33','','',''),('2021-02-09 12:19:12','\"\" <103>','103','101','1','PJSIP/103-00000022','PJSIP/103-00000023','Dial','PJSIP/103/101',3,0,'ANSWERED',3,'','1612883952.35','','',''),('2021-02-09 12:21:17','\"\" <101>','101','103','1','PJSIP/101-00000024','PJSIP/101-00000025','Dial','PJSIP/101/103',25,0,'NO ANSWER',3,'','1612884077.37','','',''),('2021-02-09 12:23:39','\"\" <101>','101','102','1','PJSIP/101-0000002a','PJSIP/101-0000002b','Dial','PJSIP/101/102',34,32,'ANSWERED',3,'','1612884219.43','','',''),('2021-02-09 12:25:15','\"\" <103>','103','102','1','PJSIP/103-0000002c','PJSIP/103-0000002d','Dial','PJSIP/103/102',1,0,'NO ANSWER',3,'','1612884315.45','','',''),('2021-02-09 12:25:20','\"\" <103>','103','101','1','PJSIP/103-0000002e','PJSIP/103-0000002f','Dial','PJSIP/103/101',9,0,'ANSWERED',3,'','1612884320.47','','',''),('2021-02-08 16:19:19','\"\" <>','','104','2','Message/ast_msg_queue','','Hangup','',74303,74303,'ANSWERED',3,'','1612811959.0','','',''),('2021-02-09 12:57:57','\"\" <103>','103','101','1','PJSIP/103-00000000','PJSIP/103-00000001','Dial','PJSIP/103/101',29,0,'NO ANSWER',3,'','1612886277.0','','',''),('2021-02-09 12:58:31','\"\" <103>','103','102','1','PJSIP/103-00000002','PJSIP/103-00000003','Dial','PJSIP/103/102',1,0,'NO ANSWER',3,'','1612886311.2','','',''),('2021-02-09 12:58:50','\"\" <103>','103','101','1','PJSIP/103-00000004','PJSIP/103-00000005','Dial','PJSIP/103/101',17,0,'NO ANSWER',3,'','1612886330.4','','',''),('2021-02-09 13:04:55','\"\" <>','','101','2','Message/ast_msg_queue','','Hangup','',73,73,'ANSWERED',3,'','1612886695.6','','',''),('2021-02-09 14:09:52','\"\" <103>','103','101','1','PJSIP/103-00000000','PJSIP/103-00000001','Dial','PJSIP/103/101',27,0,'NO ANSWER',3,'','1612890592.1','','',''),('2021-02-09 14:10:57','\"\" <101>','101','103','1','PJSIP/101-00000002','PJSIP/101-00000003','Dial','PJSIP/101/103',32,0,'NO ANSWER',3,'','1612890657.3','','',''),('2021-02-09 14:12:18','\"\" <101>','101','103','1','PJSIP/101-00000004','PJSIP/101-00000005','Dial','PJSIP/101/103',32,0,'NO ANSWER',3,'','1612890738.5','','',''),('2021-02-09 14:14:57','\"\" <101>','101','103','1','PJSIP/101-00000007','PJSIP/101-00000008','Dial','PJSIP/101/103',9,0,'NO ANSWER',3,'','1612890897.8','','',''),('2021-02-09 14:15:21','\"\" <103>','103','101','1','PJSIP/103-00000009','PJSIP/103-0000000a','Dial','PJSIP/103/101',7,0,'NO ANSWER',3,'','1612890921.10','','',''),('2021-02-09 14:16:18','\"\" <103>','103','101','1','PJSIP/103-0000000b','PJSIP/103-0000000c','Dial','PJSIP/103/101',3,0,'NO ANSWER',3,'','1612890978.12','','',''),('2021-02-09 14:16:26','\"\" <103>','103','102','1','PJSIP/103-0000000d','PJSIP/103-0000000e','Dial','PJSIP/103/102',1,0,'NO ANSWER',3,'','1612890986.14','','',''),('2021-02-09 14:17:19','\"\" <103>','103','102','1','PJSIP/103-0000000f','PJSIP/103-00000010','Dial','PJSIP/103/102',0,0,'NO ANSWER',3,'','1612891039.16','','',''),('2021-02-09 14:17:40','\"\" <102>','102','103','1','PJSIP/102-00000011','PJSIP/102-00000012','Dial','PJSIP/102/103',15,0,'NO ANSWER',3,'','1612891060.18','','',''),('2021-02-09 14:18:06','\"\" <102>','102','101','1','PJSIP/102-00000013','PJSIP/102-00000014','Dial','PJSIP/102/101',39,36,'ANSWERED',3,'','1612891086.20','','',''),('2021-02-09 14:18:54','\"\" <103>','103','101','1','PJSIP/103-00000015','PJSIP/103-00000016','Dial','PJSIP/103/101',3,0,'ANSWERED',3,'','1612891134.22','','',''),('2021-02-09 14:19:12','\"\" <101>','101','102','1','PJSIP/101-00000017','PJSIP/101-00000018','Dial','PJSIP/101/102',0,0,'NO ANSWER',3,'','1612891152.24','','',''),('2021-02-09 13:19:53','\"\" <>','','101','2','Message/ast_msg_queue','','Hangup','',3633,3633,'ANSWERED',3,'','1612887593.0','','',''),('2021-02-09 14:20:44','\"\" <103>','103','104','1','PJSIP/103-00000000','PJSIP/103-00000001','Dial','PJSIP/103/104',19,0,'NO ANSWER',3,'','1612891244.0','','',''),('2021-02-09 14:21:18','\"\" <103>','103','101','1','PJSIP/103-00000002','PJSIP/103-00000003','Dial','PJSIP/103/101',6,0,'ANSWERED',3,'','1612891278.2','','',''),('2021-02-09 14:22:11','\"\" <103>','103','104','1','PJSIP/103-00000004','PJSIP/103-00000005','Dial','PJSIP/103/104',31,0,'NO ANSWER',3,'','1612891331.4','','',''),('2021-02-09 14:28:24','\"\" <103>','103','101','1','PJSIP/103-00000006','PJSIP/103-00000007','Dial','PJSIP/103/101',19,0,'NO ANSWER',3,'','1612891704.7','','',''),('2021-02-09 14:27:52','\"\" <>','','101','2','Message/ast_msg_queue','','Hangup','',300,300,'ANSWERED',3,'','1612891672.6','','',''),('2021-02-09 14:33:54','\"\" <102>','102','103','1','PJSIP/102-00000000','PJSIP/102-00000001','Dial','PJSIP/102/103',17,0,'NO ANSWER',3,'','1612892034.0','','',''),('2021-02-09 14:35:21','\"\" <102>','102','103','1','PJSIP/102-00000002','PJSIP/102-00000003','Dial','PJSIP/102/103',22,0,'NO ANSWER',3,'','1612892121.2','','',''),('2021-02-09 14:36:06','\"\" <103>','103','102','1','PJSIP/103-00000004','PJSIP/103-00000005','Dial','PJSIP/103/102',1,0,'NO ANSWER',3,'','1612892166.5','','',''),('2021-02-09 14:38:56','\"\" <103>','103','102','1','PJSIP/103-00000006','PJSIP/103-00000007','Dial','PJSIP/103/102',0,0,'NO ANSWER',3,'','1612892336.7','','',''),('2021-02-09 14:39:26','\"\" <102>','102','103','1','PJSIP/102-00000008','PJSIP/102-00000009','Dial','PJSIP/102/103',32,0,'NO ANSWER',3,'','1612892366.9','','',''),('2021-02-09 14:41:09','\"\" <103>','103','104','1','PJSIP/103-0000000a','PJSIP/103-0000000b','Dial','PJSIP/103/104',19,0,'NO ANSWER',3,'','1612892469.11','','',''),('2021-02-09 14:43:03','\"\" <103>','103','101','1','PJSIP/103-0000000e','PJSIP/103-0000000f','Dial','PJSIP/103/101',2,0,'ANSWERED',3,'','1612892583.15','','',''),('2021-02-09 14:43:59','\"\" <101>','101','103','1','PJSIP/101-00000010','PJSIP/101-00000011','Dial','PJSIP/101/103',13,0,'NO ANSWER',3,'','1612892639.17','','',''),('2021-02-09 14:41:46','\"\" <104>','104','103','1','PJSIP/104-0000000c','PJSIP/104-0000000d','Dial','PJSIP/104/103',152,148,'ANSWERED',3,'','1612892506.13','','',''),('2021-02-09 14:44:19','\"\" <101>','101','103','1','PJSIP/101-00000012','PJSIP/101-00000013','Dial','PJSIP/101/103',14,0,'NO ANSWER',3,'','1612892659.19','','',''),('2021-02-09 14:45:35','\"\" <103>','103','101','1','PJSIP/103-00000014','PJSIP/103-00000015','Dial','PJSIP/103/101',2,0,'ANSWERED',3,'','1612892735.21','','',''),('2021-02-09 14:46:20','\"\" <101>','101','103','1','PJSIP/101-00000016','PJSIP/101-00000017','Dial','PJSIP/101/103',32,0,'NO ANSWER',3,'','1612892780.23','','',''),('2021-02-09 14:47:33','\"\" <101>','101','103','1','PJSIP/101-00000018','PJSIP/101-00000019','Dial','PJSIP/101/103',32,0,'NO ANSWER',3,'','1612892853.25','','',''),('2021-02-09 14:56:28','\"\" <102>','102','103','1','PJSIP/102-0000001a','PJSIP/102-0000001b','Dial','PJSIP/102/103',3,0,'NO ANSWER',3,'','1612893388.27','','',''),('2021-02-09 14:56:39','\"\" <101>','101','102','1','PJSIP/101-0000001c','PJSIP/101-0000001d','Dial','PJSIP/101/102',15,12,'ANSWERED',3,'','1612893399.29','','',''),('2021-02-09 14:57:03','\"\" <102>','102','101','1','PJSIP/102-0000001e','PJSIP/102-0000001f','Dial','PJSIP/102/101',36,33,'ANSWERED',3,'','1612893423.31','','',''),('2021-02-09 14:58:11','\"\" <103>','103','102','1','PJSIP/103-00000020','PJSIP/103-00000021','Dial','PJSIP/103/102',1,0,'NO ANSWER',3,'','1612893491.33','','',''),('2021-02-09 14:58:56','\"\" <103>','103','101','1','PJSIP/103-00000022','PJSIP/103-00000023','Dial','PJSIP/103/101',0,0,'NO ANSWER',3,'','1612893536.35','','',''),('2021-02-09 14:35:52','\"\" <>','','104','2','Message/ast_msg_queue','','Hangup','',1419,1419,'ANSWERED',3,'','1612892152.4','','',''),('2021-02-09 14:59:55','\"\" <103>','103','101','1','PJSIP/103-00000000','PJSIP/103-00000001','Dial','PJSIP/103/101',0,0,'NO ANSWER',3,'','1612893595.0','','',''),('2021-02-09 15:00:08','\"\" <101>','101','103','1','PJSIP/101-00000002','PJSIP/101-00000003','Dial','PJSIP/101/103',8,0,'NO ANSWER',3,'','1612893608.2','','',''),('2021-02-09 15:00:19','\"\" <101>','101','103','1','PJSIP/101-00000004','PJSIP/101-00000005','Dial','PJSIP/101/103',32,0,'NO ANSWER',3,'','1612893619.4','','',''),('2021-02-09 15:17:14','\"\" <101>','101','103','1','PJSIP/101-00000006','PJSIP/101-00000007','Dial','PJSIP/101/103',24,0,'NO ANSWER',3,'','1612894634.6','','',''),('2021-02-09 15:18:02','\"\" <103>','103','101','1','PJSIP/103-00000008','PJSIP/103-00000009','Dial','PJSIP/103/101',1,0,'NO ANSWER',3,'','1612894682.8','','',''),('2021-02-09 15:23:05','\"\" <103>','103','101','1','PJSIP/103-00000000','PJSIP/103-00000001','Dial','PJSIP/103/101',0,0,'NO ANSWER',3,'','1612894985.0','','',''),('2021-02-09 15:23:35','\"\" <101>','101','103','1','PJSIP/101-00000002','PJSIP/101-00000003','Dial','PJSIP/101/103',15,0,'NO ANSWER',3,'','1612895015.2','','',''),('2021-02-09 15:24:46','\"\" <103>','103','101','1','PJSIP/103-00000004','PJSIP/103-00000005','Dial','PJSIP/103/101',0,0,'NO ANSWER',3,'','1612895086.4','','',''),('2021-02-09 15:24:59','\"\" <101>','101','103','1','PJSIP/101-00000006','PJSIP/101-00000007','Dial','PJSIP/101/103',7,0,'NO ANSWER',3,'','1612895099.6','','',''),('2021-02-09 15:25:44','\"\" <101>','101','102','1','PJSIP/101-00000008','PJSIP/101-00000009','Dial','PJSIP/101/102',1,0,'BUSY',3,'','1612895144.8','','',''),('2021-02-09 15:35:34','\"\" <103>','103','101','1','PJSIP/103-00000000','PJSIP/103-00000001','Dial','PJSIP/103/101',1,0,'NO ANSWER',3,'','1612895734.0','','',''),('2021-02-09 15:41:38','\"\" <101>','101','103','1','PJSIP/101-00000000','PJSIP/101-00000001','Dial','PJSIP/101/103',7,0,'NO ANSWER',3,'','1612896098.0','','',''),('2021-02-09 15:42:12','\"\" <101>','101','102','1','PJSIP/101-00000004','PJSIP/101-00000005','Dial','PJSIP/101/102',6,0,'NO ANSWER',3,'','1612896132.4','','',''),('2021-02-09 15:41:56','\"\" <103>','103','101','1','PJSIP/103-00000002','PJSIP/103-00000003','Dial','PJSIP/103/101',32,0,'NO ANSWER',3,'','1612896116.2','','',''),('2021-02-09 15:42:24','\"\" <101>','101','103','1','PJSIP/101-00000006','PJSIP/101-00000007','Dial','PJSIP/101/103',15,0,'NO ANSWER',3,'','1612896144.6','','',''),('2021-02-09 15:43:07','\"\" <103>','103','101','1','PJSIP/103-00000008','PJSIP/103-00000009','Dial','PJSIP/103/101',16,0,'NO ANSWER',3,'','1612896187.8','','',''),('2021-02-09 15:45:47','\"\" <103>','103','101','1','PJSIP/103-0000000a','PJSIP/103-0000000b','Dial','PJSIP/103/101',4,0,'NO ANSWER',3,'','1612896347.10','','',''),('2021-02-09 15:46:42','\"\" <101>','101','103','1','PJSIP/101-0000000c','PJSIP/101-0000000d','Dial','PJSIP/101/103',4,0,'NO ANSWER',3,'','1612896402.12','','',''),('2021-02-11 12:57:02','\"\" <103>','103','101','1','PJSIP/103-00000000','PJSIP/103-00000001','Dial','PJSIP/103/101',1,0,'NO ANSWER',3,'','1613059022.1','','',''),('2021-02-11 12:55:48','\"\" <>','','101','2','Message/ast_msg_queue','','Hangup','',602643,602643,'ANSWERED',3,'','1613058948.0','','',''),('2021-02-18 13:03:38','\"\" <103>','103','101','1','PJSIP/103-00000000','PJSIP/103-00000001','Dial','PJSIP/103/101',1,0,'NO ANSWER',3,'','1613664218.0','','',''),('2021-02-18 13:04:25','\"\" <101>','101','102','1','PJSIP/101-00000002','PJSIP/101-00000003','Dial','PJSIP/101/102',6,4,'ANSWERED',3,'','1613664265.2','','',''),('2021-02-18 13:04:43','\"\" <101>','101','103','1','PJSIP/101-00000004','PJSIP/101-00000005','Dial','PJSIP/101/103',17,0,'NO ANSWER',3,'','1613664283.4','','',''),('2021-03-25 14:56:44','\"\" <103>','103','104','from-extensions','PJSIP/103-00000001','PJSIP/104-00000002','Dial','PJSIP/104,30',20,0,'NO ANSWER',3,'','1616695004.2','','',''),('2021-03-25 15:02:51','\"\" <104>','104','103','1','PJSIP/104-00000005','PJSIP/104-00000006','Dial','PJSIP/104/103',28,22,'ANSWERED',3,'','1616695371.6','','',''),('2021-03-25 15:03:26','\"\" <103>','103','104','1','PJSIP/103-00000007','PJSIP/103-00000008','Dial','PJSIP/103/104',8,0,'NO ANSWER',3,'','1616695406.8','','',''),('2021-03-25 15:03:47','\"\" <103>','103','104','1','PJSIP/103-00000009','PJSIP/103-0000000a','Dial','PJSIP/103/104',16,14,'ANSWERED',3,'','1616695427.10','','','');
/*!40000 ALTER TABLE `astcalldetails` ENABLE KEYS */;
UNLOCK TABLES;

--
-- Table structure for table `astconfig`
--

DROP TABLE IF EXISTS `astconfig`;
/*!40101 SET @saved_cs_client     = @@character_set_client */;
/*!50503 SET character_set_client = utf8mb4 */;
CREATE TABLE `astconfig` (
  `id` int NOT NULL AUTO_INCREMENT,
  `cat_metric` int NOT NULL DEFAULT '0',
  `var_metric` int NOT NULL DEFAULT '0',
  `commented` int NOT NULL DEFAULT '0',
  `filename` varchar(128) CHARACTER SET latin1 COLLATE latin1_swedish_ci NOT NULL DEFAULT '',
  `category` varchar(128) CHARACTER SET latin1 COLLATE latin1_swedish_ci DEFAULT 'default',
  `var_name` varchar(128) CHARACTER SET latin1 COLLATE latin1_swedish_ci NOT NULL DEFAULT '',
  `var_val` varchar(128) CHARACTER SET latin1 COLLATE latin1_swedish_ci NOT NULL DEFAULT '',
  PRIMARY KEY (`id`) USING BTREE,
  KEY `filename_comment` (`filename`,`commented`) USING BTREE
) ENGINE=MyISAM AUTO_INCREMENT=99 DEFAULT CHARSET=latin1;
/*!40101 SET character_set_client = @saved_cs_client */;

--
-- Dumping data for table `astconfig`
--

LOCK TABLES `astconfig` WRITE;
/*!40000 ALTER TABLE `astconfig` DISABLE KEYS */;
INSERT INTO `astconfig` VALUES (1,0,0,0,'voicemail.conf','general','format','wav'),(2,0,1,1,'voicemail.conf','general','serveremail','centrex'),(3,0,2,0,'voicemail.conf','general','attach','yes'),(4,0,3,0,'voicemail.conf','general','maxmsg','100'),(5,0,4,1,'voicemail.conf','general','maxsecs','180'),(6,0,5,1,'voicemail.conf','general','minsecs','3'),(7,0,6,1,'voicemail.conf','general','maxgreet','60'),(8,0,7,1,'voicemail.conf','general','skipms','3000'),(9,0,8,1,'voicemail.conf','general','maxsilence','10'),(10,0,9,1,'voicemail.conf','general','silencethreshold','128'),(11,0,10,1,'voicemail.conf','general','maxlogins','3'),(12,0,11,1,'voicemail.conf','general','moveheard','yes'),(13,0,12,1,'voicemail.conf','general','forward_urgent_auto','no'),(14,0,13,1,'voicemail.conf','general','userscontext','default'),(15,0,14,0,'voicemail.conf','general','externnotify','/var/www/discador/src/send_mail.sh'),(16,0,15,1,'voicemail.conf','general','smdienable','yes'),(17,0,16,1,'voicemail.conf','general','smdiport','/dev/ttyS0'),(18,0,17,1,'voicemail.conf','general','externpass','/usr/bin/myapp'),(19,0,18,1,'voicemail.conf','general','externpassnotify','/usr/bin/myapp'),(20,0,19,1,'voicemail.conf','general','externpasscheck','/usr/bin/myapp'),(21,0,20,1,'voicemail.conf','general','directoryintro','dir-intro'),(22,0,21,1,'voicemail.conf','general','charset','ISO-8859-1'),(23,0,22,1,'voicemail.conf','general','adsifdn','0000000F'),(24,0,23,1,'voicemail.conf','general','adsisec','9BDBF7AC'),(25,0,24,1,'voicemail.conf','general','adsiver','1'),(26,0,25,1,'voicemail.conf','general','pbxskip','yes'),(27,0,26,0,'voicemail.conf','general','fromstring','VSC Centrex Virtual'),(28,0,27,1,'voicemail.conf','general','usedirectory','yes'),(29,0,28,0,'voicemail.conf','general','odbcstorage','asterisk'),(30,0,29,0,'voicemail.conf','general','odbctable','astvoicemessages'),(31,0,30,1,'voicemail.conf','general','emailsubject','Centrex Virtual - Mensagem de Voz'),(32,0,31,1,'voicemail.conf','general','emailbody','nova mensagem de voz'),(33,0,32,1,'voicemail.conf','general','pagerbody','New ${VM_DUR} long msg in box ${VM_MAILBOX}\nfrom ${VM_CALLERID}, on ${VM_DATE}'),(34,0,33,0,'voicemail.conf','general','emaildateformat','%d/%m/%Y %H:%M'),(41,1,0,0,'voicemail.conf','zonemessages','eastern','America/New_York|\'vm-received\\\' Q \\\'digits/at\\\' IMp'),(60,0,33,1,'pjsip.conf','general','notifyhold','yes'),(61,0,34,1,'pjsip.conf','general','notifyid','yes'),(62,0,35,1,'pjsip.conf','general','notifyringing','yes'),(63,0,22,0,'pjsip.conf','general','language','es_AR'),(64,0,29,1,'pjsip.conf','general','allowsubscribe','yes'),(65,0,0,0,'extensions.conf','2','switch','Realtime'),(57,0,0,0,'extensions.conf','globals','#include','extensions_custom.conf'),(46,4,0,0,'extensions.conf','from-sip-external','switch','Realtime'),(47,0,0,0,'extensions.conf','general','static','yes'),(48,0,1,0,'extensions.conf','general','writeprotect','yes'),(58,0,30,0,'pjsip.conf','general','callcounter','100'),(59,0,31,1,'pjsip.conf','general','limitonpeers','yes'),(51,1,0,0,'extensions.conf','globals','CONSOLE','Console/dsp'),(52,1,1,0,'extensions.conf','globals','IAXINFO','guest'),(53,1,2,0,'extensions.conf','globals','TRUNK','DAHDI/G2'),(54,1,3,0,'extensions.conf','globals','TRUNKMSD','1'),(55,2,0,0,'extensions.conf','from-sip-external','switch','Realtime'),(56,0,0,0,'extensions.conf','1','switch','Realtime');
/*!40000 ALTER TABLE `astconfig` ENABLE KEYS */;
UNLOCK TABLES;

--
-- Table structure for table `astdialplans`
--

DROP TABLE IF EXISTS `astdialplans`;
/*!40101 SET @saved_cs_client     = @@character_set_client */;
/*!50503 SET character_set_client = utf8mb4 */;
CREATE TABLE `astdialplans` (
  `id` int NOT NULL AUTO_INCREMENT,
  `context` varchar(20) CHARACTER SET latin1 COLLATE latin1_swedish_ci NOT NULL DEFAULT '',
  `exten` varchar(20) CHARACTER SET latin1 COLLATE latin1_swedish_ci NOT NULL DEFAULT '',
  `priority` tinyint NOT NULL DEFAULT '0',
  `app` varchar(20) CHARACTER SET latin1 COLLATE latin1_swedish_ci NOT NULL DEFAULT '',
  `appdata` varchar(128) CHARACTER SET latin1 COLLATE latin1_swedish_ci NOT NULL DEFAULT '',
  PRIMARY KEY (`context`,`exten`,`priority`) USING BTREE,
  KEY `id` (`id`) USING BTREE
) ENGINE=MyISAM AUTO_INCREMENT=11 DEFAULT CHARSET=latin1;
/*!40101 SET character_set_client = @saved_cs_client */;

--
-- Dumping data for table `astdialplans`
--

LOCK TABLES `astdialplans` WRITE;
/*!40000 ALTER TABLE `astdialplans` DISABLE KEYS */;
INSERT INTO `astdialplans` VALUES (4,'2','h',1,'AGI','Messages.php,${CUT(CUT(CUT(MESSAGE(from),@,1),<,2),:,2)}'),(1,'1','_.X!',1,'AGI','Salientes.php'),(3,'2','_.X!',1,'AGI','Messages.php,${CUT(CUT(CUT(MESSAGE(from),@,1),<,2),:,2)}'),(2,'1','h',1,'AGI','Salientes.php');
/*!40000 ALTER TABLE `astdialplans` ENABLE KEYS */;
UNLOCK TABLES;

--
-- Table structure for table `astmusics`
--

DROP TABLE IF EXISTS `astmusics`;
/*!40101 SET @saved_cs_client     = @@character_set_client */;
/*!50503 SET character_set_client = utf8mb4 */;
CREATE TABLE `astmusics` (
  `name` varchar(80) NOT NULL,
  `directory` varchar(255) NOT NULL DEFAULT '',
  `application` varchar(255) NOT NULL DEFAULT '',
  `mode` varchar(80) NOT NULL DEFAULT '',
  `digit` char(1) NOT NULL DEFAULT '',
  `sort` varchar(16) NOT NULL DEFAULT '',
  `format` varchar(16) NOT NULL DEFAULT '',
  PRIMARY KEY (`name`)
) ENGINE=MyISAM DEFAULT CHARSET=utf8mb4 COLLATE=utf8mb4_0900_ai_ci;
/*!40101 SET character_set_client = @saved_cs_client */;

--
-- Dumping data for table `astmusics`
--

LOCK TABLES `astmusics` WRITE;
/*!40000 ALTER TABLE `astmusics` DISABLE KEYS */;
INSERT INTO `astmusics` VALUES ('default','moh','','files','','','');
/*!40000 ALTER TABLE `astmusics` ENABLE KEYS */;
UNLOCK TABLES;

--
-- Table structure for table `astvoicemessages`
--

DROP TABLE IF EXISTS `astvoicemessages`;
/*!40101 SET @saved_cs_client     = @@character_set_client */;
/*!50503 SET character_set_client = utf8mb4 */;
CREATE TABLE `astvoicemessages` (
  `id` int NOT NULL AUTO_INCREMENT,
  `msgnum` int NOT NULL DEFAULT '0',
  `dir` varchar(80) DEFAULT '',
  `context` varchar(80) DEFAULT '',
  `macrocontext` varchar(80) DEFAULT '',
  `callerid` varchar(40) DEFAULT '',
  `origtime` varchar(40) DEFAULT '',
  `duration` varchar(20) DEFAULT '',
  `mailboxuser` varchar(80) DEFAULT '',
  `mailboxcontext` varchar(80) DEFAULT '',
  `recording` longblob,
  `flag` varchar(128) DEFAULT '',
  PRIMARY KEY (`id`),
  KEY `dir` (`dir`)
) ENGINE=InnoDB DEFAULT CHARSET=utf8mb4 COLLATE=utf8mb4_0900_ai_ci;
/*!40101 SET character_set_client = @saved_cs_client */;

--
-- Dumping data for table `astvoicemessages`
--

LOCK TABLES `astvoicemessages` WRITE;
/*!40000 ALTER TABLE `astvoicemessages` DISABLE KEYS */;
/*!40000 ALTER TABLE `astvoicemessages` ENABLE KEYS */;
UNLOCK TABLES;

--
-- Table structure for table `extensions`
--

DROP TABLE IF EXISTS `extensions`;
/*!40101 SET @saved_cs_client     = @@character_set_client */;
/*!50503 SET character_set_client = utf8mb4 */;
CREATE TABLE `extensions` (
  `id` bigint NOT NULL AUTO_INCREMENT,
  `context` varchar(40) NOT NULL,
  `exten` varchar(40) NOT NULL,
  `priority` int NOT NULL,
  `app` varchar(40) NOT NULL,
  `appdata` varchar(256) NOT NULL,
  PRIMARY KEY (`id`),
  UNIQUE KEY `context` (`context`,`exten`,`priority`),
  UNIQUE KEY `id` (`id`)
) ENGINE=InnoDB DEFAULT CHARSET=utf8mb4 COLLATE=utf8mb4_0900_ai_ci;
/*!40101 SET character_set_client = @saved_cs_client */;

--
-- Dumping data for table `extensions`
--

LOCK TABLES `extensions` WRITE;
/*!40000 ALTER TABLE `extensions` DISABLE KEYS */;
/*!40000 ALTER TABLE `extensions` ENABLE KEYS */;
UNLOCK TABLES;

--
-- Table structure for table `globals`
--

DROP TABLE IF EXISTS `globals`;
/*!40101 SET @saved_cs_client     = @@character_set_client */;
/*!50503 SET character_set_client = utf8mb4 */;
CREATE TABLE `globals` (
  `variable` char(20) NOT NULL,
  `value` char(50) NOT NULL,
  PRIMARY KEY (`variable`,`value`)
) ENGINE=InnoDB DEFAULT CHARSET=utf8mb4 COLLATE=utf8mb4_0900_ai_ci;
/*!40101 SET character_set_client = @saved_cs_client */;

--
-- Dumping data for table `globals`
--

LOCK TABLES `globals` WRITE;
/*!40000 ALTER TABLE `globals` DISABLE KEYS */;
/*!40000 ALTER TABLE `globals` ENABLE KEYS */;
UNLOCK TABLES;

--
-- Table structure for table `iaxfriends`
--

DROP TABLE IF EXISTS `iaxfriends`;
/*!40101 SET @saved_cs_client     = @@character_set_client */;
/*!50503 SET character_set_client = utf8mb4 */;
CREATE TABLE `iaxfriends` (
  `id` int NOT NULL AUTO_INCREMENT,
  `name` varchar(40) NOT NULL,
  `type` enum('friend','user','peer') DEFAULT NULL,
  `username` varchar(40) DEFAULT NULL,
  `mailbox` varchar(40) DEFAULT NULL,
  `secret` varchar(40) DEFAULT NULL,
  `dbsecret` varchar(40) DEFAULT NULL,
  `context` varchar(40) DEFAULT NULL,
  `regcontext` varchar(40) DEFAULT NULL,
  `host` varchar(40) DEFAULT NULL,
  `ipaddr` varchar(40) DEFAULT NULL,
  `port` int DEFAULT NULL,
  `defaultip` varchar(20) DEFAULT NULL,
  `sourceaddress` varchar(20) DEFAULT NULL,
  `mask` varchar(20) DEFAULT NULL,
  `regexten` varchar(40) DEFAULT NULL,
  `regseconds` int DEFAULT NULL,
  `accountcode` varchar(80) DEFAULT NULL,
  `mohinterpret` varchar(20) DEFAULT NULL,
  `mohsuggest` varchar(20) DEFAULT NULL,
  `inkeys` varchar(40) DEFAULT NULL,
  `outkeys` varchar(40) DEFAULT NULL,
  `language` varchar(10) DEFAULT NULL,
  `callerid` varchar(100) DEFAULT NULL,
  `cid_number` varchar(40) DEFAULT NULL,
  `sendani` enum('yes','no') DEFAULT NULL,
  `fullname` varchar(40) DEFAULT NULL,
  `trunk` enum('yes','no') DEFAULT NULL,
  `auth` varchar(20) DEFAULT NULL,
  `maxauthreq` int DEFAULT NULL,
  `requirecalltoken` enum('yes','no','auto') DEFAULT NULL,
  `encryption` enum('yes','no','aes128') DEFAULT NULL,
  `transfer` enum('yes','no','mediaonly') DEFAULT NULL,
  `jitterbuffer` enum('yes','no') DEFAULT NULL,
  `forcejitterbuffer` enum('yes','no') DEFAULT NULL,
  `disallow` varchar(200) DEFAULT NULL,
  `allow` varchar(200) DEFAULT NULL,
  `codecpriority` varchar(40) DEFAULT NULL,
  `qualify` varchar(10) DEFAULT NULL,
  `qualifysmoothing` enum('yes','no') DEFAULT NULL,
  `qualifyfreqok` varchar(10) DEFAULT NULL,
  `qualifyfreqnotok` varchar(10) DEFAULT NULL,
  `timezone` varchar(20) DEFAULT NULL,
  `adsi` enum('yes','no') DEFAULT NULL,
  `amaflags` varchar(20) DEFAULT NULL,
  `setvar` varchar(200) DEFAULT NULL,
  PRIMARY KEY (`id`),
  UNIQUE KEY `name` (`name`),
  KEY `iaxfriends_name` (`name`),
  KEY `iaxfriends_name_host` (`name`,`host`),
  KEY `iaxfriends_name_ipaddr_port` (`name`,`ipaddr`,`port`),
  KEY `iaxfriends_ipaddr_port` (`ipaddr`,`port`),
  KEY `iaxfriends_host_port` (`host`,`port`)
) ENGINE=InnoDB DEFAULT CHARSET=utf8mb4 COLLATE=utf8mb4_0900_ai_ci;
/*!40101 SET character_set_client = @saved_cs_client */;

--
-- Dumping data for table `iaxfriends`
--

LOCK TABLES `iaxfriends` WRITE;
/*!40000 ALTER TABLE `iaxfriends` DISABLE KEYS */;
/*!40000 ALTER TABLE `iaxfriends` ENABLE KEYS */;
UNLOCK TABLES;

--
-- Table structure for table `meetme`
--

DROP TABLE IF EXISTS `meetme`;
/*!40101 SET @saved_cs_client     = @@character_set_client */;
/*!50503 SET character_set_client = utf8mb4 */;
CREATE TABLE `meetme` (
  `bookid` int NOT NULL AUTO_INCREMENT,
  `confno` varchar(80) NOT NULL,
  `starttime` datetime DEFAULT NULL,
  `endtime` datetime DEFAULT NULL,
  `pin` varchar(20) DEFAULT NULL,
  `adminpin` varchar(20) DEFAULT NULL,
  `opts` varchar(20) DEFAULT NULL,
  `adminopts` varchar(20) DEFAULT NULL,
  `recordingfilename` varchar(80) DEFAULT NULL,
  `recordingformat` varchar(10) DEFAULT NULL,
  `maxusers` int DEFAULT NULL,
  `members` int NOT NULL,
  PRIMARY KEY (`bookid`),
  KEY `meetme_confno_start_end` (`confno`,`starttime`,`endtime`)
) ENGINE=InnoDB DEFAULT CHARSET=utf8mb4 COLLATE=utf8mb4_0900_ai_ci;
/*!40101 SET character_set_client = @saved_cs_client */;

--
-- Dumping data for table `meetme`
--

LOCK TABLES `meetme` WRITE;
/*!40000 ALTER TABLE `meetme` DISABLE KEYS */;
/*!40000 ALTER TABLE `meetme` ENABLE KEYS */;
UNLOCK TABLES;

--
-- Table structure for table `musiconhold`
--

DROP TABLE IF EXISTS `musiconhold`;
/*!40101 SET @saved_cs_client     = @@character_set_client */;
/*!50503 SET character_set_client = utf8mb4 */;
CREATE TABLE `musiconhold` (
  `name` varchar(80) NOT NULL,
  `mode` enum('custom','files','mp3nb','quietmp3nb','quietmp3','playlist') DEFAULT NULL,
  `directory` varchar(255) DEFAULT NULL,
  `application` varchar(255) DEFAULT NULL,
  `digit` varchar(1) DEFAULT NULL,
  `sort` varchar(10) DEFAULT NULL,
  `format` varchar(10) DEFAULT NULL,
  `stamp` datetime DEFAULT NULL,
  PRIMARY KEY (`name`)
) ENGINE=InnoDB DEFAULT CHARSET=utf8mb4 COLLATE=utf8mb4_0900_ai_ci;
/*!40101 SET character_set_client = @saved_cs_client */;

--
-- Dumping data for table `musiconhold`
--

LOCK TABLES `musiconhold` WRITE;
/*!40000 ALTER TABLE `musiconhold` DISABLE KEYS */;
/*!40000 ALTER TABLE `musiconhold` ENABLE KEYS */;
UNLOCK TABLES;

--
-- Table structure for table `musiconhold_entry`
--

DROP TABLE IF EXISTS `musiconhold_entry`;
/*!40101 SET @saved_cs_client     = @@character_set_client */;
/*!50503 SET character_set_client = utf8mb4 */;
CREATE TABLE `musiconhold_entry` (
  `name` varchar(80) NOT NULL,
  `position` int NOT NULL,
  `entry` varchar(1024) NOT NULL,
  PRIMARY KEY (`name`,`position`),
  CONSTRAINT `fk_musiconhold_entry_name_musiconhold` FOREIGN KEY (`name`) REFERENCES `musiconhold` (`name`)
) ENGINE=InnoDB DEFAULT CHARSET=utf8mb4 COLLATE=utf8mb4_0900_ai_ci;
/*!40101 SET character_set_client = @saved_cs_client */;

--
-- Dumping data for table `musiconhold_entry`
--

LOCK TABLES `musiconhold_entry` WRITE;
/*!40000 ALTER TABLE `musiconhold_entry` DISABLE KEYS */;
/*!40000 ALTER TABLE `musiconhold_entry` ENABLE KEYS */;
UNLOCK TABLES;

--
-- Table structure for table `ps_aors`
--

DROP TABLE IF EXISTS `ps_aors`;
/*!40101 SET @saved_cs_client     = @@character_set_client */;
/*!50503 SET character_set_client = utf8mb4 */;
CREATE TABLE `ps_aors` (
  `id` varchar(40) NOT NULL,
  `contact` varchar(255) DEFAULT NULL,
  `default_expiration` int DEFAULT NULL,
  `mailboxes` varchar(80) DEFAULT NULL,
  `max_contacts` int DEFAULT NULL,
  `minimum_expiration` int DEFAULT NULL,
  `remove_existing` enum('yes','no') DEFAULT NULL,
  `qualify_frequency` int DEFAULT NULL,
  `authenticate_qualify` enum('yes','no') DEFAULT NULL,
  `maximum_expiration` int DEFAULT NULL,
  `outbound_proxy` varchar(40) DEFAULT NULL,
  `support_path` enum('yes','no') DEFAULT NULL,
  `qualify_timeout` float DEFAULT NULL,
  `voicemail_extension` varchar(40) DEFAULT NULL,
  UNIQUE KEY `id` (`id`),
  KEY `ps_aors_id` (`id`),
  KEY `ps_aors_qualifyfreq_contact` (`qualify_frequency`,`contact`)
) ENGINE=InnoDB DEFAULT CHARSET=utf8mb4 COLLATE=utf8mb4_0900_ai_ci;
/*!40101 SET character_set_client = @saved_cs_client */;

--
-- Dumping data for table `ps_aors`
--

LOCK TABLES `ps_aors` WRITE;
/*!40000 ALTER TABLE `ps_aors` DISABLE KEYS */;
INSERT INTO `ps_aors` VALUES ('101',NULL,NULL,NULL,1,NULL,NULL,NULL,NULL,NULL,NULL,NULL,NULL,NULL),('102',NULL,NULL,NULL,1,NULL,NULL,NULL,NULL,NULL,NULL,NULL,NULL,NULL),('103',NULL,NULL,NULL,1,NULL,NULL,NULL,NULL,NULL,NULL,NULL,NULL,NULL),('104',NULL,NULL,NULL,1,NULL,NULL,NULL,NULL,NULL,NULL,NULL,NULL,NULL),('test202-aors','',NULL,NULL,1,NULL,NULL,NULL,NULL,NULL,NULL,NULL,NULL,NULL);
/*!40000 ALTER TABLE `ps_aors` ENABLE KEYS */;
UNLOCK TABLES;

--
-- Table structure for table `ps_asterisk_publications`
--

DROP TABLE IF EXISTS `ps_asterisk_publications`;
/*!40101 SET @saved_cs_client     = @@character_set_client */;
/*!50503 SET character_set_client = utf8mb4 */;
CREATE TABLE `ps_asterisk_publications` (
  `id` varchar(40) NOT NULL,
  `devicestate_publish` varchar(40) DEFAULT NULL,
  `mailboxstate_publish` varchar(40) DEFAULT NULL,
  `device_state` enum('yes','no') DEFAULT NULL,
  `device_state_filter` varchar(256) DEFAULT NULL,
  `mailbox_state` enum('yes','no') DEFAULT NULL,
  `mailbox_state_filter` varchar(256) DEFAULT NULL,
  UNIQUE KEY `id` (`id`),
  KEY `ps_asterisk_publications_id` (`id`)
) ENGINE=InnoDB DEFAULT CHARSET=utf8mb4 COLLATE=utf8mb4_0900_ai_ci;
/*!40101 SET character_set_client = @saved_cs_client */;

--
-- Dumping data for table `ps_asterisk_publications`
--

LOCK TABLES `ps_asterisk_publications` WRITE;
/*!40000 ALTER TABLE `ps_asterisk_publications` DISABLE KEYS */;
/*!40000 ALTER TABLE `ps_asterisk_publications` ENABLE KEYS */;
UNLOCK TABLES;

--
-- Table structure for table `ps_auths`
--

DROP TABLE IF EXISTS `ps_auths`;
/*!40101 SET @saved_cs_client     = @@character_set_client */;
/*!50503 SET character_set_client = utf8mb4 */;
CREATE TABLE `ps_auths` (
  `id` varchar(40) NOT NULL,
  `auth_type` enum('md5','userpass') DEFAULT NULL,
  `nonce_lifetime` int DEFAULT NULL,
  `md5_cred` varchar(40) DEFAULT NULL,
  `password` varchar(80) DEFAULT NULL,
  `realm` varchar(40) DEFAULT NULL,
  `username` varchar(40) DEFAULT NULL,
  UNIQUE KEY `id` (`id`),
  KEY `ps_auths_id` (`id`)
) ENGINE=InnoDB DEFAULT CHARSET=utf8mb4 COLLATE=utf8mb4_0900_ai_ci;
/*!40101 SET character_set_client = @saved_cs_client */;

--
-- Dumping data for table `ps_auths`
--

LOCK TABLES `ps_auths` WRITE;
/*!40000 ALTER TABLE `ps_auths` DISABLE KEYS */;
INSERT INTO `ps_auths` VALUES ('101','userpass',NULL,NULL,'101',NULL,'101'),('102','userpass',NULL,NULL,'102',NULL,'102'),('103','userpass',NULL,NULL,'103',NULL,'103'),('104','userpass',NULL,NULL,'104',NULL,'104'),('test202-auth','userpass',NULL,NULL,'551144443334',NULL,'551144443334');
/*!40000 ALTER TABLE `ps_auths` ENABLE KEYS */;
UNLOCK TABLES;

--
-- Table structure for table `ps_contacts`
--

DROP TABLE IF EXISTS `ps_contacts`;
/*!40101 SET @saved_cs_client     = @@character_set_client */;
/*!50503 SET character_set_client = utf8mb4 */;
CREATE TABLE `ps_contacts` (
  `id` varchar(255) DEFAULT NULL,
  `uri` varchar(511) DEFAULT NULL,
  `expiration_time` bigint DEFAULT NULL,
  `qualify_frequency` int DEFAULT NULL,
  `outbound_proxy` varchar(40) DEFAULT NULL,
  `path` text,
  `user_agent` varchar(255) DEFAULT NULL,
  `qualify_timeout` float DEFAULT NULL,
  `reg_server` varchar(255) DEFAULT NULL,
  `authenticate_qualify` enum('yes','no') DEFAULT NULL,
  `via_addr` varchar(40) DEFAULT NULL,
  `via_port` int DEFAULT NULL,
  `call_id` varchar(255) DEFAULT NULL,
  `endpoint` varchar(40) DEFAULT NULL,
  `prune_on_boot` enum('yes','no') DEFAULT NULL,
  UNIQUE KEY `id` (`id`),
  UNIQUE KEY `ps_contacts_uq` (`id`,`reg_server`),
  KEY `ps_contacts_id` (`id`),
  KEY `ps_contacts_qualifyfreq_exp` (`qualify_frequency`,`expiration_time`)
) ENGINE=InnoDB DEFAULT CHARSET=utf8mb4 COLLATE=utf8mb4_0900_ai_ci;
/*!40101 SET character_set_client = @saved_cs_client */;

--
-- Dumping data for table `ps_contacts`
--

LOCK TABLES `ps_contacts` WRITE;
/*!40000 ALTER TABLE `ps_contacts` DISABLE KEYS */;
INSERT INTO `ps_contacts` VALUES ('test202','551144443334@551144443334:192.168.0.202/551144443334',NULL,NULL,NULL,NULL,NULL,NULL,'192.168.0.202',NULL,NULL,NULL,NULL,'test202-endp',NULL),('103^3B@15aa4f175edfa47f280a08a9cafcc941','sip:skeii21g@192.168.0.63:59478^3Btransport=ws',1616697188,0,'','','Raspberry Phone (SipJS - 0.11.6)',3,'','no','192.0.2.72',0,'i6paltcr4eifdih3j4trn9','103','yes'),('104^3B@364f0175881c5627e185f141a8a8a3f2','sip:r4p97bbi@192.168.0.43:45164^3Btransport=ws',1616697123,0,'','','Raspberry Phone (SipJS - 0.11.6)',3,'','no','192.0.2.165',0,'cmeibvpt1gp0b6a8gv0c4u','104','yes');
/*!40000 ALTER TABLE `ps_contacts` ENABLE KEYS */;
UNLOCK TABLES;

--
-- Table structure for table `ps_domain_aliases`
--

DROP TABLE IF EXISTS `ps_domain_aliases`;
/*!40101 SET @saved_cs_client     = @@character_set_client */;
/*!50503 SET character_set_client = utf8mb4 */;
CREATE TABLE `ps_domain_aliases` (
  `id` varchar(40) NOT NULL,
  `domain` varchar(80) DEFAULT NULL,
  UNIQUE KEY `id` (`id`),
  KEY `ps_domain_aliases_id` (`id`)
) ENGINE=InnoDB DEFAULT CHARSET=utf8mb4 COLLATE=utf8mb4_0900_ai_ci;
/*!40101 SET character_set_client = @saved_cs_client */;

--
-- Dumping data for table `ps_domain_aliases`
--

LOCK TABLES `ps_domain_aliases` WRITE;
/*!40000 ALTER TABLE `ps_domain_aliases` DISABLE KEYS */;
/*!40000 ALTER TABLE `ps_domain_aliases` ENABLE KEYS */;
UNLOCK TABLES;

--
-- Table structure for table `ps_endpoint_id_ips`
--

DROP TABLE IF EXISTS `ps_endpoint_id_ips`;
/*!40101 SET @saved_cs_client     = @@character_set_client */;
/*!50503 SET character_set_client = utf8mb4 */;
CREATE TABLE `ps_endpoint_id_ips` (
  `id` varchar(40) NOT NULL,
  `endpoint` varchar(40) DEFAULT NULL,
  `match` varchar(80) DEFAULT NULL,
  `srv_lookups` enum('yes','no') DEFAULT NULL,
  `match_header` varchar(255) DEFAULT NULL,
  UNIQUE KEY `id` (`id`),
  KEY `ps_endpoint_id_ips_id` (`id`)
) ENGINE=InnoDB DEFAULT CHARSET=utf8mb4 COLLATE=utf8mb4_0900_ai_ci;
/*!40101 SET character_set_client = @saved_cs_client */;

--
-- Dumping data for table `ps_endpoint_id_ips`
--

LOCK TABLES `ps_endpoint_id_ips` WRITE;
/*!40000 ALTER TABLE `ps_endpoint_id_ips` DISABLE KEYS */;
INSERT INTO `ps_endpoint_id_ips` VALUES ('test202-endip','test202-endp','192.168.0.202',NULL,NULL);
/*!40000 ALTER TABLE `ps_endpoint_id_ips` ENABLE KEYS */;
UNLOCK TABLES;

--
-- Table structure for table `ps_endpoints`
--

DROP TABLE IF EXISTS `ps_endpoints`;
/*!40101 SET @saved_cs_client     = @@character_set_client */;
/*!50503 SET character_set_client = utf8mb4 */;
CREATE TABLE `ps_endpoints` (
  `id` varchar(40) NOT NULL,
  `transport` varchar(40) DEFAULT NULL,
  `aors` varchar(200) DEFAULT NULL,
  `auth` varchar(40) DEFAULT NULL,
  `context` varchar(40) DEFAULT NULL,
  `disallow` varchar(200) DEFAULT NULL,
  `allow` varchar(200) DEFAULT NULL,
  `direct_media` enum('yes','no') DEFAULT NULL,
  `connected_line_method` enum('invite','reinvite','update') DEFAULT NULL,
  `direct_media_method` enum('invite','reinvite','update') DEFAULT NULL,
  `direct_media_glare_mitigation` enum('none','outgoing','incoming') DEFAULT NULL,
  `disable_direct_media_on_nat` enum('yes','no') DEFAULT NULL,
  `dtmf_mode` enum('rfc4733','inband','info','auto','auto_info') DEFAULT NULL,
  `external_media_address` varchar(40) DEFAULT NULL,
  `force_rport` enum('yes','no') DEFAULT NULL,
  `ice_support` enum('yes','no') DEFAULT NULL,
  `identify_by` varchar(80) DEFAULT NULL,
  `mailboxes` varchar(40) DEFAULT NULL,
  `moh_suggest` varchar(40) DEFAULT NULL,
  `outbound_auth` varchar(40) DEFAULT NULL,
  `outbound_proxy` varchar(40) DEFAULT NULL,
  `rewrite_contact` enum('yes','no') DEFAULT NULL,
  `rtp_ipv6` enum('yes','no') DEFAULT NULL,
  `rtp_symmetric` enum('yes','no') DEFAULT NULL,
  `send_diversion` enum('yes','no') DEFAULT NULL,
  `send_pai` enum('yes','no') DEFAULT NULL,
  `send_rpid` enum('yes','no') DEFAULT NULL,
  `timers_min_se` int DEFAULT NULL,
  `timers` enum('forced','no','required','yes') DEFAULT NULL,
  `timers_sess_expires` int DEFAULT NULL,
  `callerid` varchar(40) DEFAULT NULL,
  `callerid_privacy` enum('allowed_not_screened','allowed_passed_screened','allowed_failed_screened','allowed','prohib_not_screened','prohib_passed_screened','prohib_failed_screened','prohib','unavailable') DEFAULT NULL,
  `callerid_tag` varchar(40) DEFAULT NULL,
  `100rel` enum('no','required','yes') DEFAULT NULL,
  `aggregate_mwi` enum('yes','no') DEFAULT NULL,
  `trust_id_inbound` enum('yes','no') DEFAULT NULL,
  `trust_id_outbound` enum('yes','no') DEFAULT NULL,
  `use_ptime` enum('yes','no') DEFAULT NULL,
  `use_avpf` enum('yes','no') DEFAULT NULL,
  `media_encryption` enum('no','sdes','dtls') DEFAULT NULL,
  `inband_progress` enum('yes','no') DEFAULT NULL,
  `call_group` varchar(40) DEFAULT NULL,
  `pickup_group` varchar(40) DEFAULT NULL,
  `named_call_group` varchar(40) DEFAULT NULL,
  `named_pickup_group` varchar(40) DEFAULT NULL,
  `device_state_busy_at` int DEFAULT NULL,
  `fax_detect` enum('yes','no') DEFAULT NULL,
  `t38_udptl` enum('yes','no') DEFAULT NULL,
  `t38_udptl_ec` enum('none','fec','redundancy') DEFAULT NULL,
  `t38_udptl_maxdatagram` int DEFAULT NULL,
  `t38_udptl_nat` enum('yes','no') DEFAULT NULL,
  `t38_udptl_ipv6` enum('yes','no') DEFAULT NULL,
  `tone_zone` varchar(40) DEFAULT NULL,
  `language` varchar(40) DEFAULT NULL,
  `one_touch_recording` enum('yes','no') DEFAULT NULL,
  `record_on_feature` varchar(40) DEFAULT NULL,
  `record_off_feature` varchar(40) DEFAULT NULL,
  `rtp_engine` varchar(40) DEFAULT NULL,
  `allow_transfer` enum('yes','no') DEFAULT NULL,
  `allow_subscribe` enum('yes','no') DEFAULT NULL,
  `sdp_owner` varchar(40) DEFAULT NULL,
  `sdp_session` varchar(40) DEFAULT NULL,
  `tos_audio` varchar(10) DEFAULT NULL,
  `tos_video` varchar(10) DEFAULT NULL,
  `sub_min_expiry` int DEFAULT NULL,
  `from_domain` varchar(40) DEFAULT NULL,
  `from_user` varchar(40) DEFAULT NULL,
  `mwi_from_user` varchar(40) DEFAULT NULL,
  `dtls_verify` varchar(40) DEFAULT NULL,
  `dtls_rekey` varchar(40) DEFAULT NULL,
  `dtls_cert_file` varchar(200) DEFAULT NULL,
  `dtls_private_key` varchar(200) DEFAULT NULL,
  `dtls_cipher` varchar(200) DEFAULT NULL,
  `dtls_ca_file` varchar(200) DEFAULT NULL,
  `dtls_ca_path` varchar(200) DEFAULT NULL,
  `dtls_setup` enum('active','passive','actpass') DEFAULT NULL,
  `srtp_tag_32` enum('yes','no') DEFAULT NULL,
  `media_address` varchar(40) DEFAULT NULL,
  `redirect_method` enum('user','uri_core','uri_pjsip') DEFAULT NULL,
  `set_var` text,
  `cos_audio` int DEFAULT NULL,
  `cos_video` int DEFAULT NULL,
  `message_context` varchar(40) DEFAULT NULL,
  `force_avp` enum('yes','no') DEFAULT NULL,
  `media_use_received_transport` enum('yes','no') DEFAULT NULL,
  `accountcode` varchar(80) DEFAULT NULL,
  `user_eq_phone` enum('yes','no') DEFAULT NULL,
  `moh_passthrough` enum('yes','no') DEFAULT NULL,
  `media_encryption_optimistic` enum('yes','no') DEFAULT NULL,
  `rpid_immediate` enum('yes','no') DEFAULT NULL,
  `g726_non_standard` enum('yes','no') DEFAULT NULL,
  `rtp_keepalive` int DEFAULT NULL,
  `rtp_timeout` int DEFAULT NULL,
  `rtp_timeout_hold` int DEFAULT NULL,
  `bind_rtp_to_media_address` enum('yes','no') DEFAULT NULL,
  `voicemail_extension` varchar(40) DEFAULT NULL,
  `mwi_subscribe_replaces_unsolicited` enum('0','1','off','on','false','true','no','yes') DEFAULT NULL,
  `deny` varchar(95) DEFAULT NULL,
  `permit` varchar(95) DEFAULT NULL,
  `acl` varchar(40) DEFAULT NULL,
  `contact_deny` varchar(95) DEFAULT NULL,
  `contact_permit` varchar(95) DEFAULT NULL,
  `contact_acl` varchar(40) DEFAULT NULL,
  `subscribe_context` varchar(40) DEFAULT NULL,
  `fax_detect_timeout` int DEFAULT NULL,
  `contact_user` varchar(80) DEFAULT NULL,
  `preferred_codec_only` enum('yes','no') DEFAULT NULL,
  `asymmetric_rtp_codec` enum('yes','no') DEFAULT NULL,
  `rtcp_mux` enum('yes','no') DEFAULT NULL,
  `allow_overlap` enum('yes','no') DEFAULT NULL,
  `refer_blind_progress` enum('yes','no') DEFAULT NULL,
  `notify_early_inuse_ringing` enum('yes','no') DEFAULT NULL,
  `max_audio_streams` int DEFAULT NULL,
  `max_video_streams` int DEFAULT NULL,
  `webrtc` enum('yes','no') DEFAULT NULL,
  `dtls_fingerprint` enum('SHA-1','SHA-256') DEFAULT NULL,
  `incoming_mwi_mailbox` varchar(40) DEFAULT NULL,
  `bundle` enum('yes','no') DEFAULT NULL,
  `dtls_auto_generate_cert` enum('yes','no') DEFAULT NULL,
  `follow_early_media_fork` enum('yes','no') DEFAULT NULL,
  `accept_multiple_sdp_answers` enum('yes','no') DEFAULT NULL,
  `suppress_q850_reason_headers` enum('yes','no') DEFAULT NULL,
  `trust_connected_line` enum('0','1','off','on','false','true','no','yes') DEFAULT NULL,
  `send_connected_line` enum('0','1','off','on','false','true','no','yes') DEFAULT NULL,
  `ignore_183_without_sdp` enum('0','1','off','on','false','true','no','yes') DEFAULT NULL,
  `send_history_info` enum('0','1','off','on','false','true','no','yes') DEFAULT NULL,
  `stir_shaken` enum('0','1','off','on','false','true','no','yes') DEFAULT NULL,
  UNIQUE KEY `id` (`id`),
  KEY `ps_endpoints_id` (`id`)
) ENGINE=InnoDB DEFAULT CHARSET=utf8mb4 COLLATE=utf8mb4_0900_ai_ci;
/*!40101 SET character_set_client = @saved_cs_client */;

--
-- Dumping data for table `ps_endpoints`
--

LOCK TABLES `ps_endpoints` WRITE;
/*!40000 ALTER TABLE `ps_endpoints` DISABLE KEYS */;
INSERT INTO `ps_endpoints` VALUES ('101','transport-udp','101','101','1','all','ulaw,alaw','no',NULL,NULL,NULL,NULL,NULL,NULL,NULL,NULL,NULL,NULL,NULL,NULL,NULL,NULL,NULL,NULL,NULL,NULL,NULL,NULL,NULL,NULL,'101',NULL,NULL,NULL,NULL,NULL,NULL,NULL,NULL,NULL,NULL,NULL,NULL,NULL,NULL,NULL,NULL,NULL,NULL,NULL,NULL,NULL,NULL,NULL,NULL,NULL,NULL,NULL,NULL,'yes',NULL,NULL,NULL,NULL,NULL,NULL,NULL,NULL,NULL,NULL,NULL,NULL,NULL,NULL,NULL,NULL,NULL,NULL,NULL,NULL,NULL,NULL,'2',NULL,'yes',NULL,NULL,NULL,NULL,NULL,NULL,NULL,NULL,NULL,NULL,NULL,NULL,NULL,NULL,NULL,NULL,NULL,NULL,'subscriptions',NULL,NULL,NULL,NULL,NULL,NULL,NULL,NULL,NULL,NULL,NULL,NULL,NULL,NULL,NULL,NULL,NULL,NULL,NULL,NULL,NULL,NULL,NULL),('102','transport-udp','102','102','1','all','ulaw,alaw','no',NULL,NULL,NULL,NULL,NULL,NULL,NULL,NULL,NULL,NULL,NULL,NULL,NULL,NULL,NULL,NULL,NULL,NULL,NULL,NULL,NULL,NULL,'102',NULL,NULL,NULL,NULL,NULL,NULL,NULL,NULL,NULL,NULL,NULL,NULL,NULL,NULL,NULL,NULL,NULL,NULL,NULL,NULL,NULL,NULL,NULL,NULL,NULL,NULL,NULL,NULL,'yes',NULL,NULL,NULL,NULL,NULL,NULL,NULL,NULL,NULL,NULL,NULL,NULL,NULL,NULL,NULL,NULL,NULL,NULL,NULL,NULL,NULL,NULL,'2',NULL,'yes',NULL,NULL,NULL,NULL,NULL,NULL,NULL,NULL,NULL,NULL,NULL,NULL,NULL,NULL,NULL,NULL,NULL,NULL,'subscriptions',NULL,NULL,NULL,NULL,NULL,NULL,NULL,NULL,NULL,NULL,NULL,NULL,NULL,NULL,NULL,NULL,NULL,NULL,NULL,NULL,NULL,NULL,NULL),('103','transport-wss','103','103','1','all','ulaw,alaw,g722,gsm,vp9,vp8,h264','no',NULL,NULL,NULL,NULL,'rfc4733',NULL,NULL,'yes',NULL,NULL,'default',NULL,NULL,NULL,NULL,NULL,NULL,NULL,NULL,NULL,NULL,NULL,'103',NULL,NULL,NULL,NULL,NULL,NULL,NULL,'yes','dtls','no',NULL,NULL,NULL,NULL,NULL,NULL,NULL,NULL,NULL,NULL,NULL,NULL,NULL,NULL,NULL,NULL,NULL,NULL,'yes',NULL,NULL,NULL,NULL,NULL,NULL,NULL,NULL,'fingerprint',NULL,'/home/voipgroup/certs/newcentrex.crt','/home/voipgroup/certs/newcentrex.key',NULL,'/home/voipgroup/ca/Asterisk-Root-CA.crt',NULL,'actpass',NULL,NULL,NULL,NULL,NULL,NULL,'2',NULL,'yes',NULL,NULL,NULL,NULL,NULL,NULL,NULL,120,NULL,NULL,NULL,NULL,NULL,NULL,NULL,NULL,NULL,NULL,'subscriptions',NULL,NULL,NULL,NULL,'yes',NULL,NULL,NULL,NULL,NULL,NULL,NULL,NULL,NULL,NULL,NULL,NULL,NULL,NULL,NULL,NULL,NULL,NULL),('104','transport-wss','104','104','1','all','ulaw,alaw,g722,gsm,vp9,vp8,h264','no',NULL,NULL,NULL,NULL,'rfc4733',NULL,NULL,'yes',NULL,NULL,'default',NULL,NULL,NULL,NULL,NULL,NULL,NULL,NULL,NULL,NULL,NULL,'104',NULL,NULL,NULL,NULL,NULL,NULL,NULL,'yes','dtls','no',NULL,NULL,NULL,NULL,NULL,NULL,NULL,NULL,NULL,NULL,NULL,NULL,NULL,NULL,NULL,NULL,NULL,NULL,'yes',NULL,NULL,NULL,NULL,NULL,NULL,NULL,NULL,'fingerprint',NULL,'/home/voipgroup/certs/newcentrex.crt','/home/voipgroup/certs/newcentrex.key',NULL,'/home/voipgroup/ca/Asterisk-Root-CA.crt',NULL,'actpass',NULL,NULL,NULL,NULL,NULL,NULL,'2',NULL,'yes',NULL,NULL,NULL,NULL,NULL,NULL,NULL,120,NULL,NULL,NULL,NULL,NULL,NULL,NULL,NULL,NULL,NULL,'subscriptions',NULL,NULL,NULL,NULL,'yes',NULL,NULL,NULL,NULL,NULL,NULL,NULL,NULL,NULL,NULL,NULL,NULL,NULL,NULL,NULL,NULL,NULL,NULL),('test202-endp',NULL,'test202-aors',NULL,'test','all','ulaw',NULL,NULL,NULL,NULL,NULL,NULL,NULL,NULL,NULL,NULL,NULL,NULL,'test202-auth',NULL,NULL,NULL,NULL,NULL,NULL,NULL,NULL,NULL,NULL,NULL,NULL,NULL,NULL,NULL,NULL,NULL,NULL,NULL,NULL,NULL,NULL,NULL,NULL,NULL,NULL,NULL,NULL,NULL,NULL,NULL,NULL,NULL,NULL,NULL,NULL,NULL,NULL,NULL,NULL,NULL,NULL,NULL,NULL,NULL,NULL,NULL,NULL,NULL,NULL,NULL,NULL,NULL,NULL,NULL,NULL,NULL,NULL,NULL,NULL,NULL,NULL,NULL,NULL,NULL,NULL,NULL,NULL,NULL,NULL,NULL,NULL,NULL,NULL,NULL,NULL,NULL,NULL,NULL,NULL,NULL,NULL,NULL,NULL,NULL,NULL,NULL,NULL,NULL,NULL,NULL,NULL,NULL,NULL,NULL,NULL,NULL,NULL,NULL,NULL,NULL,NULL,NULL,NULL,NULL,NULL,NULL);
/*!40000 ALTER TABLE `ps_endpoints` ENABLE KEYS */;
UNLOCK TABLES;

--
-- Table structure for table `ps_globals`
--

DROP TABLE IF EXISTS `ps_globals`;
/*!40101 SET @saved_cs_client     = @@character_set_client */;
/*!50503 SET character_set_client = utf8mb4 */;
CREATE TABLE `ps_globals` (
  `id` varchar(40) NOT NULL,
  `max_forwards` int DEFAULT NULL,
  `user_agent` varchar(255) DEFAULT NULL,
  `default_outbound_endpoint` varchar(40) DEFAULT NULL,
  `debug` varchar(40) DEFAULT NULL,
  `endpoint_identifier_order` varchar(40) DEFAULT NULL,
  `max_initial_qualify_time` int DEFAULT NULL,
  `default_from_user` varchar(80) DEFAULT NULL,
  `keep_alive_interval` int DEFAULT NULL,
  `regcontext` varchar(80) DEFAULT NULL,
  `contact_expiration_check_interval` int DEFAULT NULL,
  `default_voicemail_extension` varchar(40) DEFAULT NULL,
  `disable_multi_domain` enum('yes','no') DEFAULT NULL,
  `unidentified_request_count` int DEFAULT NULL,
  `unidentified_request_period` int DEFAULT NULL,
  `unidentified_request_prune_interval` int DEFAULT NULL,
  `default_realm` varchar(40) DEFAULT NULL,
  `mwi_tps_queue_high` int DEFAULT NULL,
  `mwi_tps_queue_low` int DEFAULT NULL,
  `mwi_disable_initial_unsolicited` enum('yes','no') DEFAULT NULL,
  `ignore_uri_user_options` enum('yes','no') DEFAULT NULL,
  `use_callerid_contact` enum('0','1','off','on','false','true','no','yes') DEFAULT NULL,
  `send_contact_status_on_update_registration` enum('0','1','off','on','false','true','no','yes') DEFAULT NULL,
  `taskprocessor_overload_trigger` enum('none','global','pjsip_only') DEFAULT NULL,
  `norefersub` enum('0','1','off','on','false','true','no','yes') DEFAULT NULL,
  UNIQUE KEY `id` (`id`),
  KEY `ps_globals_id` (`id`)
) ENGINE=InnoDB DEFAULT CHARSET=utf8mb4 COLLATE=utf8mb4_0900_ai_ci;
/*!40101 SET character_set_client = @saved_cs_client */;

--
-- Dumping data for table `ps_globals`
--

LOCK TABLES `ps_globals` WRITE;
/*!40000 ALTER TABLE `ps_globals` DISABLE KEYS */;
/*!40000 ALTER TABLE `ps_globals` ENABLE KEYS */;
UNLOCK TABLES;

--
-- Table structure for table `ps_inbound_publications`
--

DROP TABLE IF EXISTS `ps_inbound_publications`;
/*!40101 SET @saved_cs_client     = @@character_set_client */;
/*!50503 SET character_set_client = utf8mb4 */;
CREATE TABLE `ps_inbound_publications` (
  `id` varchar(40) NOT NULL,
  `endpoint` varchar(40) DEFAULT NULL,
  `event_asterisk-devicestate` varchar(40) DEFAULT NULL,
  `event_asterisk-mwi` varchar(40) DEFAULT NULL,
  UNIQUE KEY `id` (`id`),
  KEY `ps_inbound_publications_id` (`id`)
) ENGINE=InnoDB DEFAULT CHARSET=utf8mb4 COLLATE=utf8mb4_0900_ai_ci;
/*!40101 SET character_set_client = @saved_cs_client */;

--
-- Dumping data for table `ps_inbound_publications`
--

LOCK TABLES `ps_inbound_publications` WRITE;
/*!40000 ALTER TABLE `ps_inbound_publications` DISABLE KEYS */;
/*!40000 ALTER TABLE `ps_inbound_publications` ENABLE KEYS */;
UNLOCK TABLES;

--
-- Table structure for table `ps_outbound_publishes`
--

DROP TABLE IF EXISTS `ps_outbound_publishes`;
/*!40101 SET @saved_cs_client     = @@character_set_client */;
/*!50503 SET character_set_client = utf8mb4 */;
CREATE TABLE `ps_outbound_publishes` (
  `id` varchar(40) NOT NULL,
  `expiration` int DEFAULT NULL,
  `outbound_auth` varchar(40) DEFAULT NULL,
  `outbound_proxy` varchar(256) DEFAULT NULL,
  `server_uri` varchar(256) DEFAULT NULL,
  `from_uri` varchar(256) DEFAULT NULL,
  `to_uri` varchar(256) DEFAULT NULL,
  `event` varchar(40) DEFAULT NULL,
  `max_auth_attempts` int DEFAULT NULL,
  `transport` varchar(40) DEFAULT NULL,
  `multi_user` enum('yes','no') DEFAULT NULL,
  `@body` varchar(40) DEFAULT NULL,
  `@context` varchar(256) DEFAULT NULL,
  `@exten` varchar(256) DEFAULT NULL,
  UNIQUE KEY `id` (`id`),
  KEY `ps_outbound_publishes_id` (`id`)
) ENGINE=InnoDB DEFAULT CHARSET=utf8mb4 COLLATE=utf8mb4_0900_ai_ci;
/*!40101 SET character_set_client = @saved_cs_client */;

--
-- Dumping data for table `ps_outbound_publishes`
--

LOCK TABLES `ps_outbound_publishes` WRITE;
/*!40000 ALTER TABLE `ps_outbound_publishes` DISABLE KEYS */;
/*!40000 ALTER TABLE `ps_outbound_publishes` ENABLE KEYS */;
UNLOCK TABLES;

--
-- Table structure for table `ps_registrations`
--

DROP TABLE IF EXISTS `ps_registrations`;
/*!40101 SET @saved_cs_client     = @@character_set_client */;
/*!50503 SET character_set_client = utf8mb4 */;
CREATE TABLE `ps_registrations` (
  `id` varchar(40) NOT NULL,
  `auth_rejection_permanent` enum('yes','no') DEFAULT NULL,
  `client_uri` varchar(255) DEFAULT NULL,
  `contact_user` varchar(40) DEFAULT NULL,
  `expiration` int DEFAULT NULL,
  `max_retries` int DEFAULT NULL,
  `outbound_auth` varchar(40) DEFAULT NULL,
  `outbound_proxy` varchar(40) DEFAULT NULL,
  `retry_interval` int DEFAULT NULL,
  `forbidden_retry_interval` int DEFAULT NULL,
  `server_uri` varchar(255) DEFAULT NULL,
  `transport` varchar(40) DEFAULT NULL,
  `support_path` enum('yes','no') DEFAULT NULL,
  `fatal_retry_interval` int DEFAULT NULL,
  `line` enum('yes','no') DEFAULT NULL,
  `endpoint` varchar(40) DEFAULT NULL,
  UNIQUE KEY `id` (`id`),
  KEY `ps_registrations_id` (`id`)
) ENGINE=InnoDB DEFAULT CHARSET=utf8mb4 COLLATE=utf8mb4_0900_ai_ci;
/*!40101 SET character_set_client = @saved_cs_client */;

--
-- Dumping data for table `ps_registrations`
--

LOCK TABLES `ps_registrations` WRITE;
/*!40000 ALTER TABLE `ps_registrations` DISABLE KEYS */;
INSERT INTO `ps_registrations` VALUES ('test202-reg',NULL,'sip:551144443334@192.168.0.202','test202',NULL,NULL,'test202-auth',NULL,60,NULL,'sip:192.168.0.202','transport-udp',NULL,NULL,'yes','test202-endp');
/*!40000 ALTER TABLE `ps_registrations` ENABLE KEYS */;
UNLOCK TABLES;

--
-- Table structure for table `ps_resource_list`
--

DROP TABLE IF EXISTS `ps_resource_list`;
/*!40101 SET @saved_cs_client     = @@character_set_client */;
/*!50503 SET character_set_client = utf8mb4 */;
CREATE TABLE `ps_resource_list` (
  `id` varchar(40) NOT NULL,
  `list_item` varchar(2048) DEFAULT NULL,
  `event` varchar(40) DEFAULT NULL,
  `full_state` enum('yes','no') DEFAULT NULL,
  `notification_batch_interval` int DEFAULT NULL,
  UNIQUE KEY `id` (`id`),
  KEY `ps_resource_list_id` (`id`)
) ENGINE=InnoDB DEFAULT CHARSET=utf8mb4 COLLATE=utf8mb4_0900_ai_ci;
/*!40101 SET character_set_client = @saved_cs_client */;

--
-- Dumping data for table `ps_resource_list`
--

LOCK TABLES `ps_resource_list` WRITE;
/*!40000 ALTER TABLE `ps_resource_list` DISABLE KEYS */;
/*!40000 ALTER TABLE `ps_resource_list` ENABLE KEYS */;
UNLOCK TABLES;

--
-- Table structure for table `ps_subscription_persistence`
--

DROP TABLE IF EXISTS `ps_subscription_persistence`;
/*!40101 SET @saved_cs_client     = @@character_set_client */;
/*!50503 SET character_set_client = utf8mb4 */;
CREATE TABLE `ps_subscription_persistence` (
  `id` varchar(40) NOT NULL,
  `packet` varchar(2048) DEFAULT NULL,
  `src_name` varchar(128) DEFAULT NULL,
  `src_port` int DEFAULT NULL,
  `transport_key` varchar(64) DEFAULT NULL,
  `local_name` varchar(128) DEFAULT NULL,
  `local_port` int DEFAULT NULL,
  `cseq` int DEFAULT NULL,
  `tag` varchar(128) DEFAULT NULL,
  `endpoint` varchar(40) DEFAULT NULL,
  `expires` int DEFAULT NULL,
  `contact_uri` varchar(256) DEFAULT NULL,
  `prune_on_boot` enum('yes','no') DEFAULT NULL,
  UNIQUE KEY `id` (`id`),
  KEY `ps_subscription_persistence_id` (`id`)
) ENGINE=InnoDB DEFAULT CHARSET=utf8mb4 COLLATE=utf8mb4_0900_ai_ci;
/*!40101 SET character_set_client = @saved_cs_client */;

--
-- Dumping data for table `ps_subscription_persistence`
--

LOCK TABLES `ps_subscription_persistence` WRITE;
/*!40000 ALTER TABLE `ps_subscription_persistence` DISABLE KEYS */;
/*!40000 ALTER TABLE `ps_subscription_persistence` ENABLE KEYS */;
UNLOCK TABLES;

--
-- Table structure for table `ps_systems`
--

DROP TABLE IF EXISTS `ps_systems`;
/*!40101 SET @saved_cs_client     = @@character_set_client */;
/*!50503 SET character_set_client = utf8mb4 */;
CREATE TABLE `ps_systems` (
  `id` varchar(40) NOT NULL,
  `timer_t1` int DEFAULT NULL,
  `timer_b` int DEFAULT NULL,
  `compact_headers` enum('yes','no') DEFAULT NULL,
  `threadpool_initial_size` int DEFAULT NULL,
  `threadpool_auto_increment` int DEFAULT NULL,
  `threadpool_idle_timeout` int DEFAULT NULL,
  `threadpool_max_size` int DEFAULT NULL,
  `disable_tcp_switch` enum('yes','no') DEFAULT NULL,
  `follow_early_media_fork` enum('yes','no') DEFAULT NULL,
  `accept_multiple_sdp_answers` enum('yes','no') DEFAULT NULL,
  `disable_rport` enum('0','1','off','on','false','true','no','yes') DEFAULT NULL,
  UNIQUE KEY `id` (`id`),
  KEY `ps_systems_id` (`id`)
) ENGINE=InnoDB DEFAULT CHARSET=utf8mb4 COLLATE=utf8mb4_0900_ai_ci;
/*!40101 SET character_set_client = @saved_cs_client */;

--
-- Dumping data for table `ps_systems`
--

LOCK TABLES `ps_systems` WRITE;
/*!40000 ALTER TABLE `ps_systems` DISABLE KEYS */;
/*!40000 ALTER TABLE `ps_systems` ENABLE KEYS */;
UNLOCK TABLES;

--
-- Table structure for table `ps_transports`
--

DROP TABLE IF EXISTS `ps_transports`;
/*!40101 SET @saved_cs_client     = @@character_set_client */;
/*!50503 SET character_set_client = utf8mb4 */;
CREATE TABLE `ps_transports` (
  `id` varchar(40) NOT NULL,
  `async_operations` int DEFAULT NULL,
  `bind` varchar(40) DEFAULT NULL,
  `ca_list_file` varchar(200) DEFAULT NULL,
  `cert_file` varchar(200) DEFAULT NULL,
  `cipher` varchar(200) DEFAULT NULL,
  `domain` varchar(40) DEFAULT NULL,
  `external_media_address` varchar(40) DEFAULT NULL,
  `external_signaling_address` varchar(40) DEFAULT NULL,
  `external_signaling_port` int DEFAULT NULL,
  `method` enum('default','unspecified','tlsv1','sslv2','sslv3','sslv23') DEFAULT NULL,
  `local_net` varchar(40) DEFAULT NULL,
  `password` varchar(40) DEFAULT NULL,
  `priv_key_file` varchar(200) DEFAULT NULL,
  `protocol` enum('udp','tcp','tls','ws','wss') DEFAULT NULL,
  `require_client_cert` enum('yes','no') DEFAULT NULL,
  `verify_client` enum('yes','no') DEFAULT NULL,
  `verify_server` enum('yes','no') DEFAULT NULL,
  `tos` varchar(10) DEFAULT NULL,
  `cos` int DEFAULT NULL,
  `allow_reload` enum('yes','no') DEFAULT NULL,
  `symmetric_transport` enum('yes','no') DEFAULT NULL,
  UNIQUE KEY `id` (`id`),
  KEY `ps_transports_id` (`id`)
) ENGINE=InnoDB DEFAULT CHARSET=utf8mb4 COLLATE=utf8mb4_0900_ai_ci;
/*!40101 SET character_set_client = @saved_cs_client */;

--
-- Dumping data for table `ps_transports`
--

LOCK TABLES `ps_transports` WRITE;
/*!40000 ALTER TABLE `ps_transports` DISABLE KEYS */;
/*!40000 ALTER TABLE `ps_transports` ENABLE KEYS */;
UNLOCK TABLES;

--
-- Table structure for table `queue_log`
--

DROP TABLE IF EXISTS `queue_log`;
/*!40101 SET @saved_cs_client     = @@character_set_client */;
/*!50503 SET character_set_client = utf8mb4 */;
CREATE TABLE `queue_log` (
  `id` bigint unsigned NOT NULL AUTO_INCREMENT,
  `time` varchar(26) NOT NULL DEFAULT '',
  `callid` varchar(40) NOT NULL DEFAULT '',
  `queuename` varchar(20) NOT NULL DEFAULT '',
  `agent` varchar(20) NOT NULL DEFAULT '',
  `event` varchar(20) NOT NULL DEFAULT '',
  `data` varchar(100) NOT NULL DEFAULT '',
  `data1` varchar(40) NOT NULL DEFAULT '',
  `data2` varchar(40) NOT NULL DEFAULT '',
  `data3` varchar(40) NOT NULL DEFAULT '',
  `data4` varchar(40) NOT NULL DEFAULT '',
  `data5` varchar(40) NOT NULL DEFAULT '',
  `created` timestamp NOT NULL DEFAULT CURRENT_TIMESTAMP,
  PRIMARY KEY (`id`),
  KEY `queue` (`queuename`),
  KEY `event` (`event`)
) ENGINE=InnoDB AUTO_INCREMENT=142 DEFAULT CHARSET=utf8;
/*!40101 SET character_set_client = @saved_cs_client */;

--
-- Dumping data for table `queue_log`
--

LOCK TABLES `queue_log` WRITE;
/*!40000 ALTER TABLE `queue_log` DISABLE KEYS */;
INSERT INTO `queue_log` VALUES (1,'2021-01-18 20:24:07.155064','CLI','1','101','REMOVEMEMBER','','','','','','','2021-01-18 20:24:07'),(2,'2021-01-18 20:35:12.022402','NONE','NONE','NONE','QUEUESTART','','','','','','','2021-01-18 20:35:12'),(3,'2021-01-18 20:35:19.443663','CLI','1','101','ADDMEMBER','','','','','','','2021-01-18 20:35:19'),(4,'2021-01-19 15:01:44.383024','CLI','1','101','REMOVEMEMBER','','','','','','','2021-01-19 15:01:44'),(5,'2021-01-19 15:02:32.437459','CLI','1','101','ADDMEMBER','','','','','','','2021-01-19 15:02:32'),(6,'2021-01-19 20:06:58.944455','NONE','NONE','NONE','QUEUESTART','','','','','','','2021-01-19 20:06:58'),(7,'2021-01-19 20:15:28.522719','NONE','NONE','NONE','QUEUESTART','','','','','','','2021-01-19 20:15:28'),(8,'2021-01-19 20:16:13.229977','NONE','NONE','NONE','QUEUESTART','','','','','','','2021-01-19 20:16:13'),(9,'2021-01-19 20:16:44.096832','NONE','NONE','NONE','QUEUESTART','','','','','','','2021-01-19 20:16:44'),(10,'2021-01-19 20:20:31.483572','NONE','NONE','NONE','QUEUESTART','','','','','','','2021-01-19 20:20:31'),(11,'2021-01-19 20:29:20.330979','NONE','NONE','NONE','QUEUESTART','','','','','','','2021-01-19 20:29:20'),(12,'2021-01-19 20:30:42.450019','NONE','NONE','NONE','QUEUESTART','','','','','','','2021-01-19 20:30:42'),(13,'2021-01-19 20:36:56.761605','NONE','NONE','NONE','QUEUESTART','','','','','','','2021-01-19 20:36:56'),(14,'2021-01-19 20:38:11.983365','NONE','NONE','NONE','QUEUESTART','','','','','','','2021-01-19 20:38:11'),(15,'2021-01-19 20:39:24.271165','NONE','NONE','NONE','QUEUESTART','','','','','','','2021-01-19 20:39:24'),(16,'2021-01-19 20:45:45.577759','NONE','NONE','NONE','QUEUESTART','','','','','','','2021-01-19 20:45:45'),(17,'2021-01-19 20:56:29.088564','NONE','NONE','NONE','QUEUESTART','','','','','','','2021-01-19 20:56:29'),(18,'2021-01-20 16:10:37.381929','NONE','NONE','NONE','QUEUESTART','','','','','','','2021-01-20 16:10:37'),(19,'2021-01-20 17:32:07.433216','NONE','NONE','NONE','QUEUESTART','','','','','','','2021-01-20 17:32:07'),(20,'2021-01-20 17:59:12.840829','NONE','NONE','NONE','QUEUESTART','','','','','','','2021-01-20 17:59:12'),(21,'2021-01-22 16:48:29.306838','NONE','NONE','NONE','QUEUESTART','','','','','','','2021-01-22 16:48:29'),(22,'2021-01-22 17:40:35.881302','NONE','NONE','NONE','QUEUESTART','','','','','','','2021-01-22 17:40:35'),(23,'2021-01-22 17:58:22.100241','NONE','NONE','NONE','QUEUESTART','','','','','','','2021-01-22 17:58:22'),(24,'2021-01-25 12:48:46.599207','NONE','NONE','NONE','QUEUESTART','','','','','','','2021-01-25 12:48:46'),(25,'2021-01-27 15:09:05.319642','NONE','NONE','NONE','QUEUESTART','','','','','','','2021-01-27 15:09:05'),(26,'2021-01-27 15:19:23.435821','NONE','NONE','NONE','QUEUESTART','','','','','','','2021-01-27 15:19:23'),(27,'2021-01-27 15:41:35.145586','NONE','NONE','NONE','QUEUESTART','','','','','','','2021-01-27 15:41:35'),(28,'2021-01-27 15:51:17.101657','NONE','NONE','NONE','QUEUESTART','','','','','','','2021-01-27 15:51:17'),(29,'2021-01-27 16:08:29.940848','NONE','NONE','NONE','QUEUESTART','','','','','','','2021-01-27 16:08:29'),(30,'2021-01-27 18:58:08.842918','NONE','NONE','NONE','QUEUESTART','','','','','','','2021-01-27 18:58:08'),(31,'2021-01-27 19:05:24.604645','NONE','NONE','NONE','QUEUESTART','','','','','','','2021-01-27 19:05:24'),(32,'2021-01-27 19:11:08.496767','NONE','NONE','NONE','QUEUESTART','','','','','','','2021-01-27 19:11:08'),(33,'2021-01-27 19:18:56.050266','NONE','NONE','NONE','QUEUESTART','','','','','','','2021-01-27 19:18:56'),(34,'2021-01-28 17:48:52.701359','NONE','NONE','NONE','QUEUESTART','','','','','','','2021-01-28 17:48:52'),(35,'2021-01-29 12:37:01.131529','NONE','NONE','NONE','QUEUESTART','','','','','','','2021-01-29 12:37:01'),(36,'2021-01-29 12:57:47.508369','NONE','NONE','NONE','QUEUESTART','','','','','','','2021-01-29 12:57:47'),(37,'2021-01-29 13:17:31.228302','NONE','NONE','NONE','QUEUESTART','','','','','','','2021-01-29 13:17:31'),(38,'2021-01-29 13:28:39.759056','NONE','NONE','NONE','QUEUESTART','','','','','','','2021-01-29 13:28:39'),(39,'2021-01-29 13:30:05.530126','NONE','NONE','NONE','QUEUESTART','','','','','','','2021-01-29 13:30:05'),(40,'2021-01-29 13:38:52.185165','NONE','NONE','NONE','QUEUESTART','','','','','','','2021-01-29 13:38:52'),(41,'2021-01-29 13:40:26.647700','NONE','NONE','NONE','QUEUESTART','','','','','','','2021-01-29 13:40:26'),(42,'2021-01-29 13:51:16.212687','NONE','NONE','NONE','QUEUESTART','','','','','','','2021-01-29 13:51:16'),(43,'2021-01-29 13:54:02.628139','NONE','NONE','NONE','QUEUESTART','','','','','','','2021-01-29 13:54:02'),(44,'2021-01-29 11:23:20.535570','NONE','NONE','NONE','QUEUESTART','','','','','','','2021-01-29 14:23:20'),(45,'2021-01-29 11:29:11.118387','NONE','NONE','NONE','QUEUESTART','','','','','','','2021-01-29 14:29:11'),(46,'2021-01-29 11:59:13.641857','NONE','NONE','NONE','QUEUESTART','','','','','','','2021-01-29 14:59:13'),(47,'2021-01-29 12:04:27.849112','NONE','NONE','NONE','QUEUESTART','','','','','','','2021-01-29 15:04:27'),(48,'2021-01-29 12:10:53.857911','NONE','NONE','NONE','QUEUESTART','','','','','','','2021-01-29 15:10:53'),(49,'2021-01-29 12:34:53.031855','NONE','NONE','NONE','QUEUESTART','','','','','','','2021-01-29 15:34:53'),(50,'2021-01-29 12:39:13.807480','NONE','NONE','NONE','QUEUESTART','','','','','','','2021-01-29 15:39:13'),(51,'2021-01-29 12:49:13.555035','NONE','NONE','NONE','QUEUESTART','','','','','','','2021-01-29 15:49:13'),(52,'2021-01-29 12:53:22.624127','NONE','NONE','NONE','QUEUESTART','','','','','','','2021-01-29 15:53:22'),(53,'2021-01-29 13:30:54.248408','NONE','NONE','NONE','QUEUESTART','','','','','','','2021-01-29 16:30:54'),(54,'2021-01-29 14:18:17.705010','NONE','NONE','NONE','QUEUESTART','','','','','','','2021-01-29 17:18:17'),(55,'2021-01-29 14:20:37.684130','NONE','NONE','NONE','QUEUESTART','','','','','','','2021-01-29 17:20:37'),(56,'2021-01-29 14:24:32.167210','NONE','NONE','NONE','QUEUESTART','','','','','','','2021-01-29 17:24:32'),(57,'2021-01-29 14:28:02.105812','NONE','NONE','NONE','QUEUESTART','','','','','','','2021-01-29 17:28:02'),(58,'2021-01-29 14:36:22.970171','NONE','NONE','NONE','QUEUESTART','','','','','','','2021-01-29 17:36:22'),(59,'2021-01-29 14:38:22.816090','NONE','NONE','NONE','QUEUESTART','','','','','','','2021-01-29 17:38:22'),(60,'2021-01-29 14:49:19.877860','NONE','NONE','NONE','QUEUESTART','','','','','','','2021-01-29 17:49:19'),(61,'2021-01-29 14:53:33.982975','NONE','NONE','NONE','QUEUESTART','','','','','','','2021-01-29 17:53:33'),(62,'2021-01-29 14:55:25.314329','NONE','NONE','NONE','QUEUESTART','','','','','','','2021-01-29 17:55:25'),(63,'2021-01-29 15:03:38.509286','NONE','NONE','NONE','QUEUESTART','','','','','','','2021-01-29 18:03:38'),(64,'2021-02-01 09:43:28.531976','NONE','NONE','NONE','QUEUESTART','','','','','','','2021-02-01 12:43:28'),(65,'2021-02-01 09:46:27.540469','NONE','NONE','NONE','QUEUESTART','','','','','','','2021-02-01 12:46:27'),(66,'2021-02-01 10:37:37.182481','NONE','NONE','NONE','QUEUESTART','','','','','','','2021-02-01 13:37:37'),(67,'2021-02-01 10:41:53.687787','NONE','NONE','NONE','QUEUESTART','','','','','','','2021-02-01 13:41:53'),(68,'2021-02-01 10:43:24.940232','NONE','NONE','NONE','QUEUESTART','','','','','','','2021-02-01 13:43:24'),(69,'2021-02-01 10:50:14.565643','NONE','NONE','NONE','QUEUESTART','','','','','','','2021-02-01 13:50:14'),(70,'2021-02-01 11:13:35.388299','NONE','NONE','NONE','QUEUESTART','','','','','','','2021-02-01 14:13:35'),(71,'2021-02-01 11:32:33.956129','NONE','NONE','NONE','QUEUESTART','','','','','','','2021-02-01 14:32:33'),(72,'2021-02-01 11:53:29.128524','NONE','NONE','NONE','QUEUESTART','','','','','','','2021-02-01 14:53:29'),(73,'2021-02-01 12:21:06.101072','NONE','NONE','NONE','QUEUESTART','','','','','','','2021-02-01 15:21:06'),(74,'2021-02-01 12:27:58.139857','NONE','NONE','NONE','QUEUESTART','','','','','','','2021-02-01 15:27:58'),(75,'2021-02-01 12:34:27.460041','NONE','NONE','NONE','QUEUESTART','','','','','','','2021-02-01 15:34:27'),(76,'2021-02-01 12:39:27.521559','NONE','NONE','NONE','QUEUESTART','','','','','','','2021-02-01 15:39:27'),(77,'2021-02-01 12:41:57.614335','NONE','NONE','NONE','QUEUESTART','','','','','','','2021-02-01 15:41:57'),(78,'2021-02-01 12:44:17.335556','NONE','NONE','NONE','QUEUESTART','','','','','','','2021-02-01 15:44:17'),(79,'2021-02-01 12:49:51.913554','NONE','NONE','NONE','QUEUESTART','','','','','','','2021-02-01 15:49:51'),(80,'2021-02-01 13:40:05.393989','NONE','NONE','NONE','QUEUESTART','','','','','','','2021-02-01 16:40:05'),(81,'2021-02-01 15:18:07.502261','NONE','NONE','NONE','QUEUESTART','','','','','','','2021-02-01 18:18:07'),(82,'2021-02-01 15:32:00.162689','NONE','NONE','NONE','QUEUESTART','','','','','','','2021-02-01 18:32:00'),(83,'2021-02-01 15:41:26.934959','NONE','NONE','NONE','QUEUESTART','','','','','','','2021-02-01 18:41:26'),(84,'2021-02-01 15:49:11.776365','NONE','NONE','NONE','QUEUESTART','','','','','','','2021-02-01 18:49:11'),(85,'2021-02-01 15:52:49.809665','NONE','NONE','NONE','QUEUESTART','','','','','','','2021-02-01 18:52:49'),(86,'2021-02-01 15:55:38.583771','NONE','NONE','NONE','QUEUESTART','','','','','','','2021-02-01 18:55:38'),(87,'2021-02-01 16:00:06.631086','NONE','NONE','NONE','QUEUESTART','','','','','','','2021-02-01 19:00:06'),(88,'2021-02-01 16:03:42.463821','NONE','NONE','NONE','QUEUESTART','','','','','','','2021-02-01 19:03:42'),(89,'2021-02-01 16:05:32.802334','NONE','NONE','NONE','QUEUESTART','','','','','','','2021-02-01 19:05:32'),(90,'2021-02-01 16:10:52.397080','NONE','NONE','NONE','QUEUESTART','','','','','','','2021-02-01 19:10:52'),(91,'2021-02-01 16:15:51.250084','NONE','NONE','NONE','QUEUESTART','','','','','','','2021-02-01 19:15:51'),(92,'2021-02-01 16:18:08.560514','NONE','NONE','NONE','QUEUESTART','','','','','','','2021-02-01 19:18:08'),(93,'2021-02-01 16:20:41.068459','NONE','NONE','NONE','QUEUESTART','','','','','','','2021-02-01 19:20:41'),(94,'2021-02-01 16:32:14.376800','NONE','NONE','NONE','QUEUESTART','','','','','','','2021-02-01 19:32:14'),(95,'2021-02-02 12:47:17.394302','NONE','NONE','NONE','QUEUESTART','','','','','','','2021-02-02 15:47:17'),(96,'2021-02-02 15:02:25.910963','NONE','NONE','NONE','QUEUESTART','','','','','','','2021-02-02 18:02:25'),(97,'2021-02-02 15:07:41.027882','NONE','NONE','NONE','QUEUESTART','','','','','','','2021-02-02 18:07:41'),(98,'2021-02-03 12:28:09.162217','NONE','NONE','NONE','QUEUESTART','','','','','','','2021-02-03 15:28:09'),(99,'2021-02-03 13:22:10.038271','NONE','NONE','NONE','QUEUESTART','','','','','','','2021-02-03 16:22:10'),(100,'2021-02-03 16:16:18.965279','NONE','NONE','NONE','QUEUESTART','','','','','','','2021-02-03 19:16:18'),(101,'2021-02-03 16:22:13.077542','NONE','NONE','NONE','QUEUESTART','','','','','','','2021-02-03 19:22:13'),(102,'2021-02-03 16:26:46.745828','NONE','NONE','NONE','QUEUESTART','','','','','','','2021-02-03 19:26:46'),(103,'2021-02-03 16:47:37.183408','NONE','NONE','NONE','QUEUESTART','','','','','','','2021-02-03 19:47:37'),(104,'2021-02-04 11:11:21.588755','NONE','NONE','NONE','QUEUESTART','','','','','','','2021-02-04 14:11:21'),(105,'2021-02-05 11:51:39.445566','NONE','NONE','NONE','QUEUESTART','','','','','','','2021-02-05 14:51:39'),(106,'2021-02-05 12:02:28.924941','NONE','NONE','NONE','QUEUESTART','','','','','','','2021-02-05 15:02:28'),(107,'2021-02-05 12:09:11.948499','NONE','NONE','NONE','QUEUESTART','','','','','','','2021-02-05 15:09:11'),(108,'2021-02-05 12:13:59.786825','NONE','NONE','NONE','QUEUESTART','','','','','','','2021-02-05 15:13:59'),(109,'2021-02-05 12:36:54.852344','NONE','NONE','NONE','QUEUESTART','','','','','','','2021-02-05 15:36:54'),(110,'2021-02-05 14:38:24.191263','NONE','NONE','NONE','QUEUESTART','','','','','','','2021-02-05 17:38:24'),(111,'2021-02-05 14:41:40.488299','NONE','NONE','NONE','QUEUESTART','','','','','','','2021-02-05 17:41:40'),(112,'2021-02-05 14:44:33.412220','NONE','NONE','NONE','QUEUESTART','','','','','','','2021-02-05 17:44:33'),(113,'2021-02-05 14:45:21.115609','NONE','NONE','NONE','QUEUESTART','','','','','','','2021-02-05 17:45:21'),(114,'2021-02-05 14:48:13.701492','NONE','NONE','NONE','QUEUESTART','','','','','','','2021-02-05 17:48:13'),(115,'2021-02-08 10:50:40.919904','NONE','NONE','NONE','QUEUESTART','','','','','','','2021-02-08 13:50:40'),(116,'2021-02-08 10:52:42.213171','NONE','NONE','NONE','QUEUESTART','','','','','','','2021-02-08 13:52:42'),(117,'2021-02-08 11:59:02.498698','NONE','NONE','NONE','QUEUESTART','','','','','','','2021-02-08 14:59:02'),(118,'2021-02-08 15:12:45.946669','NONE','NONE','NONE','QUEUESTART','','','','','','','2021-02-08 18:12:45'),(119,'2021-02-08 15:55:54.091959','NONE','NONE','NONE','QUEUESTART','','','','','','','2021-02-08 18:55:54'),(120,'2021-02-08 15:58:53.954335','NONE','NONE','NONE','QUEUESTART','','','','','','','2021-02-08 18:58:53'),(121,'2021-02-08 16:10:17.620196','NONE','NONE','NONE','QUEUESTART','','','','','','','2021-02-08 19:10:17'),(122,'2021-02-08 16:12:45.841725','NONE','NONE','NONE','QUEUESTART','','','','','','','2021-02-08 19:12:45'),(123,'2021-02-08 16:14:01.828346','NONE','NONE','NONE','QUEUESTART','','','','','','','2021-02-08 19:14:01'),(124,'2021-02-08 16:19:09.813822','NONE','NONE','NONE','QUEUESTART','','','','','','','2021-02-08 19:19:09'),(125,'2021-02-09 12:57:43.800992','NONE','NONE','NONE','QUEUESTART','','','','','','','2021-02-09 15:57:43'),(126,'2021-02-09 13:06:09.016947','NONE','NONE','NONE','QUEUESTART','','','','','','','2021-02-09 16:06:09'),(127,'2021-02-09 13:18:15.174886','NONE','NONE','NONE','QUEUESTART','','','','','','','2021-02-09 16:18:15'),(128,'2021-02-09 13:19:23.749659','NONE','NONE','NONE','QUEUESTART','','','','','','','2021-02-09 16:19:23'),(129,'2021-02-09 14:20:26.937627','NONE','NONE','NONE','QUEUESTART','','','','','','','2021-02-09 17:20:26'),(130,'2021-02-09 14:32:53.165519','NONE','NONE','NONE','QUEUESTART','','','','','','','2021-02-09 17:32:53'),(131,'2021-02-09 14:59:31.379957','NONE','NONE','NONE','QUEUESTART','','','','','','','2021-02-09 17:59:31'),(132,'2021-02-09 15:22:39.750001','NONE','NONE','NONE','QUEUESTART','','','','','','','2021-02-09 18:22:39'),(133,'2021-02-09 15:35:09.543946','NONE','NONE','NONE','QUEUESTART','','','','','','','2021-02-09 18:35:09'),(134,'2021-02-09 15:38:48.493527','NONE','NONE','NONE','QUEUESTART','','','','','','','2021-02-09 18:38:48'),(135,'2021-02-09 15:48:09.507880','NONE','NONE','NONE','QUEUESTART','','','','','','','2021-02-09 18:48:09'),(136,'2021-02-18 12:19:53.877349','NONE','NONE','NONE','QUEUESTART','','','','','','','2021-02-18 15:19:53'),(137,'2021-02-18 12:52:42.903492','NONE','NONE','NONE','QUEUESTART','','','','','','','2021-02-18 15:52:42'),(138,'2021-03-04 10:17:26.188027','NONE','NONE','NONE','QUEUESTART','','','','','','','2021-03-04 13:17:26'),(139,'2021-03-08 10:00:51.081797','NONE','NONE','NONE','QUEUESTART','','','','','','','2021-03-08 13:00:51'),(140,'2021-03-08 14:23:02.557520','NONE','NONE','NONE','QUEUESTART','','','','','','','2021-03-08 17:23:02'),(141,'2021-03-25 12:56:33.972430','NONE','NONE','NONE','QUEUESTART','','','','','','','2021-03-25 15:56:33');
/*!40000 ALTER TABLE `queue_log` ENABLE KEYS */;
UNLOCK TABLES;

--
-- Table structure for table `queue_members`
--

DROP TABLE IF EXISTS `queue_members`;
/*!40101 SET @saved_cs_client     = @@character_set_client */;
/*!50503 SET character_set_client = utf8mb4 */;
CREATE TABLE `queue_members` (
  `queue_name` varchar(80) NOT NULL,
  `interface` varchar(80) NOT NULL,
  `membername` varchar(80) DEFAULT NULL,
  `state_interface` varchar(80) DEFAULT NULL,
  `penalty` int DEFAULT NULL,
  `paused` int DEFAULT NULL,
  `uniqueid` int NOT NULL AUTO_INCREMENT,
  `wrapuptime` int DEFAULT NULL,
  PRIMARY KEY (`queue_name`,`interface`),
  UNIQUE KEY `uniqueid` (`uniqueid`)
) ENGINE=InnoDB DEFAULT CHARSET=utf8mb4 COLLATE=utf8mb4_0900_ai_ci;
/*!40101 SET character_set_client = @saved_cs_client */;

--
-- Dumping data for table `queue_members`
--

LOCK TABLES `queue_members` WRITE;
/*!40000 ALTER TABLE `queue_members` DISABLE KEYS */;
/*!40000 ALTER TABLE `queue_members` ENABLE KEYS */;
UNLOCK TABLES;

--
-- Table structure for table `queue_rules`
--

DROP TABLE IF EXISTS `queue_rules`;
/*!40101 SET @saved_cs_client     = @@character_set_client */;
/*!50503 SET character_set_client = utf8mb4 */;
CREATE TABLE `queue_rules` (
  `rule_name` varchar(80) NOT NULL,
  `time` varchar(32) NOT NULL,
  `min_penalty` varchar(32) NOT NULL,
  `max_penalty` varchar(32) NOT NULL
) ENGINE=InnoDB DEFAULT CHARSET=utf8mb4 COLLATE=utf8mb4_0900_ai_ci;
/*!40101 SET character_set_client = @saved_cs_client */;

--
-- Dumping data for table `queue_rules`
--

LOCK TABLES `queue_rules` WRITE;
/*!40000 ALTER TABLE `queue_rules` DISABLE KEYS */;
/*!40000 ALTER TABLE `queue_rules` ENABLE KEYS */;
UNLOCK TABLES;

--
-- Table structure for table `queues`
--

DROP TABLE IF EXISTS `queues`;
/*!40101 SET @saved_cs_client     = @@character_set_client */;
/*!50503 SET character_set_client = utf8mb4 */;
CREATE TABLE `queues` (
  `name` varchar(128) NOT NULL,
  `musiconhold` varchar(128) DEFAULT NULL,
  `announce` varchar(128) DEFAULT NULL,
  `context` varchar(128) DEFAULT NULL,
  `timeout` int DEFAULT NULL,
  `ringinuse` enum('yes','no') DEFAULT NULL,
  `setinterfacevar` enum('yes','no') DEFAULT NULL,
  `setqueuevar` enum('yes','no') DEFAULT NULL,
  `setqueueentryvar` enum('yes','no') DEFAULT NULL,
  `monitor_format` varchar(8) DEFAULT NULL,
  `membermacro` varchar(512) DEFAULT NULL,
  `membergosub` varchar(512) DEFAULT NULL,
  `queue_youarenext` varchar(128) DEFAULT NULL,
  `queue_thereare` varchar(128) DEFAULT NULL,
  `queue_callswaiting` varchar(128) DEFAULT NULL,
  `queue_quantity1` varchar(128) DEFAULT NULL,
  `queue_quantity2` varchar(128) DEFAULT NULL,
  `queue_holdtime` varchar(128) DEFAULT NULL,
  `queue_minutes` varchar(128) DEFAULT NULL,
  `queue_minute` varchar(128) DEFAULT NULL,
  `queue_seconds` varchar(128) DEFAULT NULL,
  `queue_thankyou` varchar(128) DEFAULT NULL,
  `queue_callerannounce` varchar(128) DEFAULT NULL,
  `queue_reporthold` varchar(128) DEFAULT NULL,
  `announce_frequency` int DEFAULT NULL,
  `announce_to_first_user` enum('yes','no') DEFAULT NULL,
  `min_announce_frequency` int DEFAULT NULL,
  `announce_round_seconds` int DEFAULT NULL,
  `announce_holdtime` varchar(128) DEFAULT NULL,
  `announce_position` varchar(128) DEFAULT NULL,
  `announce_position_limit` int DEFAULT NULL,
  `periodic_announce` varchar(50) DEFAULT NULL,
  `periodic_announce_frequency` int DEFAULT NULL,
  `relative_periodic_announce` enum('yes','no') DEFAULT NULL,
  `random_periodic_announce` enum('yes','no') DEFAULT NULL,
  `retry` int DEFAULT NULL,
  `wrapuptime` int DEFAULT NULL,
  `penaltymemberslimit` int DEFAULT NULL,
  `autofill` enum('yes','no') DEFAULT NULL,
  `monitor_type` varchar(128) DEFAULT NULL,
  `autopause` enum('yes','no','all') DEFAULT NULL,
  `autopausedelay` int DEFAULT NULL,
  `autopausebusy` enum('yes','no') DEFAULT NULL,
  `autopauseunavail` enum('yes','no') DEFAULT NULL,
  `maxlen` int DEFAULT NULL,
  `servicelevel` int DEFAULT NULL,
  `strategy` enum('ringall','leastrecent','fewestcalls','random','rrmemory','linear','wrandom','rrordered') DEFAULT NULL,
  `joinempty` varchar(128) DEFAULT NULL,
  `leavewhenempty` varchar(128) DEFAULT NULL,
  `reportholdtime` enum('yes','no') DEFAULT NULL,
  `memberdelay` int DEFAULT NULL,
  `weight` int DEFAULT NULL,
  `timeoutrestart` enum('yes','no') DEFAULT NULL,
  `defaultrule` varchar(128) DEFAULT NULL,
  `timeoutpriority` varchar(128) DEFAULT NULL,
  PRIMARY KEY (`name`)
) ENGINE=InnoDB DEFAULT CHARSET=utf8mb4 COLLATE=utf8mb4_0900_ai_ci;
/*!40101 SET character_set_client = @saved_cs_client */;

--
-- Dumping data for table `queues`
--

LOCK TABLES `queues` WRITE;
/*!40000 ALTER TABLE `queues` DISABLE KEYS */;
INSERT INTO `queues` VALUES ('1',NULL,NULL,'test',10,NULL,NULL,NULL,NULL,NULL,NULL,NULL,NULL,NULL,NULL,NULL,NULL,NULL,NULL,NULL,NULL,NULL,NULL,NULL,NULL,NULL,NULL,NULL,NULL,NULL,NULL,NULL,NULL,NULL,NULL,NULL,NULL,NULL,NULL,NULL,NULL,NULL,NULL,NULL,NULL,NULL,'ringall',NULL,NULL,'no',NULL,NULL,NULL,NULL,NULL);
/*!40000 ALTER TABLE `queues` ENABLE KEYS */;
UNLOCK TABLES;

--
-- Table structure for table `sippeers`
--

DROP TABLE IF EXISTS `sippeers`;
/*!40101 SET @saved_cs_client     = @@character_set_client */;
/*!50503 SET character_set_client = utf8mb4 */;
CREATE TABLE `sippeers` (
  `id` int NOT NULL AUTO_INCREMENT,
  `name` varchar(40) NOT NULL,
  `ipaddr` varchar(45) DEFAULT NULL,
  `port` int DEFAULT NULL,
  `regseconds` int DEFAULT NULL,
  `defaultuser` varchar(40) DEFAULT NULL,
  `fullcontact` varchar(80) DEFAULT NULL,
  `regserver` varchar(20) DEFAULT NULL,
  `useragent` varchar(255) DEFAULT NULL,
  `lastms` int DEFAULT NULL,
  `host` varchar(40) DEFAULT NULL,
  `type` enum('friend','user','peer') DEFAULT NULL,
  `context` varchar(40) DEFAULT NULL,
  `permit` varchar(95) DEFAULT NULL,
  `deny` varchar(95) DEFAULT NULL,
  `secret` varchar(40) DEFAULT NULL,
  `md5secret` varchar(40) DEFAULT NULL,
  `remotesecret` varchar(40) DEFAULT NULL,
  `transport` enum('udp','tcp','tls','ws','wss','udp,tcp','tcp,udp') DEFAULT NULL,
  `dtmfmode` enum('rfc2833','info','shortinfo','inband','auto') DEFAULT NULL,
  `directmedia` enum('yes','no','nonat','update','outgoing') DEFAULT NULL,
  `nat` varchar(29) DEFAULT NULL,
  `callgroup` varchar(40) DEFAULT NULL,
  `pickupgroup` varchar(40) DEFAULT NULL,
  `language` varchar(40) DEFAULT NULL,
  `disallow` varchar(200) DEFAULT NULL,
  `allow` varchar(200) DEFAULT NULL,
  `insecure` varchar(40) DEFAULT NULL,
  `trustrpid` enum('yes','no') DEFAULT NULL,
  `progressinband` enum('yes','no','never') DEFAULT NULL,
  `promiscredir` enum('yes','no') DEFAULT NULL,
  `useclientcode` enum('yes','no') DEFAULT NULL,
  `accountcode` varchar(80) DEFAULT NULL,
  `setvar` varchar(200) DEFAULT NULL,
  `callerid` varchar(40) DEFAULT NULL,
  `amaflags` varchar(40) DEFAULT NULL,
  `callcounter` enum('yes','no') DEFAULT NULL,
  `busylevel` int DEFAULT NULL,
  `allowoverlap` enum('yes','no') DEFAULT NULL,
  `allowsubscribe` enum('yes','no') DEFAULT NULL,
  `videosupport` enum('yes','no') DEFAULT NULL,
  `maxcallbitrate` int DEFAULT NULL,
  `rfc2833compensate` enum('yes','no') DEFAULT NULL,
  `mailbox` varchar(40) DEFAULT NULL,
  `session-timers` enum('accept','refuse','originate') DEFAULT NULL,
  `session-expires` int DEFAULT NULL,
  `session-minse` int DEFAULT NULL,
  `session-refresher` enum('uac','uas') DEFAULT NULL,
  `t38pt_usertpsource` varchar(40) DEFAULT NULL,
  `regexten` varchar(40) DEFAULT NULL,
  `fromdomain` varchar(40) DEFAULT NULL,
  `fromuser` varchar(40) DEFAULT NULL,
  `qualify` varchar(40) DEFAULT NULL,
  `defaultip` varchar(45) DEFAULT NULL,
  `rtptimeout` int DEFAULT NULL,
  `rtpholdtimeout` int DEFAULT NULL,
  `sendrpid` enum('yes','no') DEFAULT NULL,
  `outboundproxy` varchar(40) DEFAULT NULL,
  `callbackextension` varchar(40) DEFAULT NULL,
  `timert1` int DEFAULT NULL,
  `timerb` int DEFAULT NULL,
  `qualifyfreq` int DEFAULT NULL,
  `constantssrc` enum('yes','no') DEFAULT NULL,
  `contactpermit` varchar(95) DEFAULT NULL,
  `contactdeny` varchar(95) DEFAULT NULL,
  `usereqphone` enum('yes','no') DEFAULT NULL,
  `textsupport` enum('yes','no') DEFAULT NULL,
  `faxdetect` enum('yes','no') DEFAULT NULL,
  `buggymwi` enum('yes','no') DEFAULT NULL,
  `auth` varchar(40) DEFAULT NULL,
  `fullname` varchar(40) DEFAULT NULL,
  `trunkname` varchar(40) DEFAULT NULL,
  `cid_number` varchar(40) DEFAULT NULL,
  `callingpres` enum('allowed_not_screened','allowed_passed_screen','allowed_failed_screen','allowed','prohib_not_screened','prohib_passed_screen','prohib_failed_screen','prohib') DEFAULT NULL,
  `mohinterpret` varchar(40) DEFAULT NULL,
  `mohsuggest` varchar(40) DEFAULT NULL,
  `parkinglot` varchar(40) DEFAULT NULL,
  `hasvoicemail` enum('yes','no') DEFAULT NULL,
  `subscribemwi` enum('yes','no') DEFAULT NULL,
  `vmexten` varchar(40) DEFAULT NULL,
  `autoframing` enum('yes','no') DEFAULT NULL,
  `rtpkeepalive` int DEFAULT NULL,
  `call-limit` int DEFAULT NULL,
  `g726nonstandard` enum('yes','no') DEFAULT NULL,
  `ignoresdpversion` enum('yes','no') DEFAULT NULL,
  `allowtransfer` enum('yes','no') DEFAULT NULL,
  `dynamic` enum('yes','no') DEFAULT NULL,
  `path` varchar(256) DEFAULT NULL,
  `supportpath` enum('yes','no') DEFAULT NULL,
  PRIMARY KEY (`id`),
  UNIQUE KEY `name` (`name`),
  KEY `sippeers_name` (`name`),
  KEY `sippeers_name_host` (`name`,`host`),
  KEY `sippeers_ipaddr_port` (`ipaddr`,`port`),
  KEY `sippeers_host_port` (`host`,`port`)
) ENGINE=InnoDB DEFAULT CHARSET=utf8mb4 COLLATE=utf8mb4_0900_ai_ci;
/*!40101 SET character_set_client = @saved_cs_client */;

--
-- Dumping data for table `sippeers`
--

LOCK TABLES `sippeers` WRITE;
/*!40000 ALTER TABLE `sippeers` DISABLE KEYS */;
/*!40000 ALTER TABLE `sippeers` ENABLE KEYS */;
UNLOCK TABLES;

--
-- Table structure for table `voicemail`
--

DROP TABLE IF EXISTS `voicemail`;
/*!40101 SET @saved_cs_client     = @@character_set_client */;
/*!50503 SET character_set_client = utf8mb4 */;
CREATE TABLE `voicemail` (
  `uniqueid` int NOT NULL AUTO_INCREMENT,
  `context` varchar(80) NOT NULL,
  `mailbox` varchar(80) NOT NULL,
  `password` varchar(80) NOT NULL,
  `fullname` varchar(80) DEFAULT NULL,
  `alias` varchar(80) DEFAULT NULL,
  `email` varchar(80) DEFAULT NULL,
  `pager` varchar(80) DEFAULT NULL,
  `attach` enum('yes','no') DEFAULT NULL,
  `attachfmt` varchar(10) DEFAULT NULL,
  `serveremail` varchar(80) DEFAULT NULL,
  `language` varchar(20) DEFAULT NULL,
  `tz` varchar(30) DEFAULT NULL,
  `deletevoicemail` enum('yes','no') DEFAULT NULL,
  `saycid` enum('yes','no') DEFAULT NULL,
  `sendvoicemail` enum('yes','no') DEFAULT NULL,
  `review` enum('yes','no') DEFAULT NULL,
  `tempgreetwarn` enum('yes','no') DEFAULT NULL,
  `operator` enum('yes','no') DEFAULT NULL,
  `envelope` enum('yes','no') DEFAULT NULL,
  `sayduration` int DEFAULT NULL,
  `forcename` enum('yes','no') DEFAULT NULL,
  `forcegreetings` enum('yes','no') DEFAULT NULL,
  `callback` varchar(80) DEFAULT NULL,
  `dialout` varchar(80) DEFAULT NULL,
  `exitcontext` varchar(80) DEFAULT NULL,
  `maxmsg` int DEFAULT NULL,
  `volgain` decimal(5,2) DEFAULT NULL,
  `imapuser` varchar(80) DEFAULT NULL,
  `imappassword` varchar(80) DEFAULT NULL,
  `imapserver` varchar(80) DEFAULT NULL,
  `imapport` varchar(8) DEFAULT NULL,
  `imapflags` varchar(80) DEFAULT NULL,
  `stamp` datetime DEFAULT NULL,
  PRIMARY KEY (`uniqueid`),
  KEY `voicemail_mailbox` (`mailbox`),
  KEY `voicemail_context` (`context`),
  KEY `voicemail_mailbox_context` (`mailbox`,`context`),
  KEY `voicemail_imapuser` (`imapuser`)
) ENGINE=InnoDB DEFAULT CHARSET=utf8mb4 COLLATE=utf8mb4_0900_ai_ci;
/*!40101 SET character_set_client = @saved_cs_client */;

--
-- Dumping data for table `voicemail`
--

LOCK TABLES `voicemail` WRITE;
/*!40000 ALTER TABLE `voicemail` DISABLE KEYS */;
/*!40000 ALTER TABLE `voicemail` ENABLE KEYS */;
UNLOCK TABLES;

--
-- Dumping events for database 'newcentrex'
--
/*!40103 SET TIME_ZONE=@OLD_TIME_ZONE */;

/*!40101 SET SQL_MODE=@OLD_SQL_MODE */;
/*!40014 SET FOREIGN_KEY_CHECKS=@OLD_FOREIGN_KEY_CHECKS */;
/*!40014 SET UNIQUE_CHECKS=@OLD_UNIQUE_CHECKS */;
/*!40101 SET CHARACTER_SET_CLIENT=@OLD_CHARACTER_SET_CLIENT */;
/*!40101 SET CHARACTER_SET_RESULTS=@OLD_CHARACTER_SET_RESULTS */;
/*!40101 SET COLLATION_CONNECTION=@OLD_COLLATION_CONNECTION */;
/*!40111 SET SQL_NOTES=@OLD_SQL_NOTES */;

-- Dump completed on 2021-03-25 15:31:20
